Country name,Official state name,Sovereignty,Alpha-2 code,Alpha-3 code,Numeric code,Subdivision code links,Internet ccTLD,ENTITY,Currency,Alphabetic Code,Numeric Code,Minor unit
AFGHANISTAN,The Islamic Republic of Afghanistan,UN member state,AF,AFG,4.0,ISO 3166-2:AF,.af,AFGHANISTAN,Afghani,AFN,971.0,2
ÅLAND ISLANDS,Åland,Finland,AX,ALA,248.0,ISO 3166-2:AX,.ax,ÅLAND ISLANDS,Euro,EUR,978.0,2
ALBANIA,The Republic of Albania,UN member state,AL,ALB,8.0,ISO 3166-2:AL,.al,ALBANIA,Lek,ALL,8.0,2
ALGERIA,The People's Democratic Republic of Algeria,UN member state,DZ,DZA,12.0,ISO 3166-2:DZ,.dz,ALGERIA,Algerian Dinar,DZD,12.0,2
AMERICAN SAMOA,The Territory of American Samoa,United States,AS,ASM,16.0,ISO 3166-2:AS,.as,AMERICAN SAMOA,US Dollar,USD,840.0,2
ANDORRA,The Principality of Andorra,UN member state,AD,AND,20.0,ISO 3166-2:AD,.ad,ANDORRA,Euro,EUR,978.0,2
ANGOLA,The Republic of Angola,UN member state,AO,AGO,24.0,ISO 3166-2:AO,.ao,ANGOLA,Kwanza,AOA,973.0,2
ANGUILLA,Anguilla,United Kingdom,AI,AIA,660.0,ISO 3166-2:AI,.ai,ANGUILLA,East Caribbean Dollar,XCD,951.0,2
ANTARCTICA,All land and ice shelves south of the 60th parallel south,Antarctic Treaty,AQ,ATA,10.0,ISO 3166-2:AQ,.aq,ANTARCTICA,No universal currency,,,
ANTIGUA AND BARBUDA,Antigua and Barbuda,UN member state,AG,ATG,28.0,ISO 3166-2:AG,.ag,ANTIGUA AND BARBUDA,East Caribbean Dollar,XCD,951.0,2
ARGENTINA,The Argentine Republic,UN member state,AR,ARG,32.0,ISO 3166-2:AR,.ar,ARGENTINA,Argentine Peso,ARS,32.0,2
ARMENIA,The Republic of Armenia,UN member state,AM,ARM,51.0,ISO 3166-2:AM,.am,ARMENIA,Armenian Dram,AMD,51.0,2
ARUBA,Aruba,Netherlands,AW,ABW,533.0,ISO 3166-2:AW,.aw,ARUBA,Aruban Florin,AWG,533.0,2
AUSTRALIA,The Commonwealth of Australia,UN member state,AU,AUS,36.0,ISO 3166-2:AU,.au,AUSTRALIA,Australian Dollar,AUD,36.0,2
AUSTRIA,The Republic of Austria,UN member state,AT,AUT,40.0,ISO 3166-2:AT,.at,AUSTRIA,Euro,EUR,978.0,2
AZERBAIJAN,The Republic of Azerbaijan,UN member state,AZ,AZE,31.0,ISO 3166-2:AZ,.az,AZERBAIJAN,Azerbaijan Manat,AZN,944.0,2
BAHAMAS (THE),The Commonwealth of The Bahamas,UN member state,BS,BHS,44.0,ISO 3166-2:BS,.bs,BAHAMAS (THE),Bahamian Dollar,BSD,44.0,2
BAHRAIN,The Kingdom of Bahrain,UN member state,BH,BHR,48.0,ISO 3166-2:BH,.bh,BAHRAIN,Bahraini Dinar,BHD,48.0,3
BANGLADESH,The People's Republic of Bangladesh,UN member state,BD,BGD,50.0,ISO 3166-2:BD,.bd,BANGLADESH,Taka,BDT,50.0,2
BARBADOS,Barbados,UN member state,BB,BRB,52.0,ISO 3166-2:BB,.bb,BARBADOS,Barbados Dollar,BBD,52.0,2
BELARUS,The Republic of Belarus,UN member state,BY,BLR,112.0,ISO 3166-2:BY,.by,BELARUS,Belarusian Ruble,BYN,933.0,2
BELGIUM,The Kingdom of Belgium,UN member state,BE,BEL,56.0,ISO 3166-2:BE,.be,BELGIUM,Euro,EUR,978.0,2
BELIZE,Belize,UN member state,BZ,BLZ,84.0,ISO 3166-2:BZ,.bz,BELIZE,Belize Dollar,BZD,84.0,2
BENIN,The Republic of Benin,UN member state,BJ,BEN,204.0,ISO 3166-2:BJ,.bj,BENIN,CFA Franc BCEAO,XOF,952.0,0
BERMUDA,Bermuda,United Kingdom,BM,BMU,60.0,ISO 3166-2:BM,.bm,BERMUDA,Bermudian Dollar,BMD,60.0,2
BHUTAN,The Kingdom of Bhutan,UN member state,BT,BTN,64.0,ISO 3166-2:BT,.bt,BHUTAN,Indian Rupee,INR,356.0,2
BHUTAN,The Kingdom of Bhutan,UN member state,BT,BTN,64.0,ISO 3166-2:BT,.bt,BHUTAN,Ngultrum,BTN,64.0,2
BOLIVIA (PLURINATIONAL STATE OF),The Plurinational State of Bolivia,UN member state,BO,BOL,68.0,ISO 3166-2:BO,.bo,BOLIVIA (PLURINATIONAL STATE OF),Boliviano,BOB,68.0,2
BOLIVIA (PLURINATIONAL STATE OF),The Plurinational State of Bolivia,UN member state,BO,BOL,68.0,ISO 3166-2:BO,.bo,BOLIVIA (PLURINATIONAL STATE OF),Mvdol,BOV,984.0,2
BONAIRE SINT EUSTATIUS SABA,"Bonaire, Sint Eustatius and Saba",Netherlands,BQ,BES,535.0,ISO 3166-2:BQ,".bq, .nl",BONAIRE SINT EUSTATIUS SABA,US Dollar,USD,840.0,2
BOSNIA AND HERZEGOVINA,Bosnia and Herzegovina,UN member state,BA,BIH,70.0,ISO 3166-2:BA,.ba,BOSNIA AND HERZEGOVINA,Convertible Mark,BAM,977.0,2
BOTSWANA,The Republic of Botswana,UN member state,BW,BWA,72.0,ISO 3166-2:BW,.bw,BOTSWANA,Pula,BWP,72.0,2
BOUVET ISLAND,Bouvet Island,Norway,BV,BVT,74.0,ISO 3166-2:BV,,BOUVET ISLAND,Norwegian Krone,NOK,578.0,2
BRAZIL,The Federative Republic of Brazil,UN member state,BR,BRA,76.0,ISO 3166-2:BR,.br,BRAZIL,Brazilian Real,BRL,986.0,2
BRITISH INDIAN OCEAN TERRITORY (THE),The British Indian Ocean Territory,United Kingdom,IO,IOT,86.0,ISO 3166-2:IO,.io,BRITISH INDIAN OCEAN TERRITORY (THE),US Dollar,USD,840.0,2
BRUNEI DARUSSALAM,"The Nation of Brunei, the Abode of Peace",UN member state,BN,BRN,96.0,ISO 3166-2:BN,.bn,BRUNEI DARUSSALAM,Brunei Dollar,BND,96.0,2
BULGARIA,The Republic of Bulgaria,UN member state,BG,BGR,100.0,ISO 3166-2:BG,.bg,BULGARIA,Bulgarian Lev,BGN,975.0,2
BURKINA FASO,Burkina Faso,UN member state,BF,BFA,854.0,ISO 3166-2:BF,.bf,BURKINA FASO,CFA Franc BCEAO,XOF,952.0,0
BURUNDI,The Republic of Burundi,UN member state,BI,BDI,108.0,ISO 3166-2:BI,.bi,BURUNDI,Burundi Franc,BIF,108.0,0
CABO VERDE,The Republic of Cabo Verde,UN member state,CV,CPV,132.0,ISO 3166-2:CV,.cv,CABO VERDE,Cabo Verde Escudo,CVE,132.0,2
CAMBODIA,The Kingdom of Cambodia,UN member state,KH,KHM,116.0,ISO 3166-2:KH,.kh,CAMBODIA,Riel,KHR,116.0,2
CAMEROON,The Republic of Cameroon,UN member state,CM,CMR,120.0,ISO 3166-2:CM,.cm,CAMEROON,CFA Franc BEAC,XAF,950.0,0
CANADA,Canada,UN member state,CA,CAN,124.0,ISO 3166-2:CA,.ca,CANADA,Canadian Dollar,CAD,124.0,2
CAYMAN ISLANDS (THE),The Cayman Islands,United Kingdom,KY,CYM,136.0,ISO 3166-2:KY,.ky,CAYMAN ISLANDS (THE),Cayman Islands Dollar,KYD,136.0,2
CENTRAL AFRICAN REPUBLIC (THE),The Central African Republic,UN member state,CF,CAF,140.0,ISO 3166-2:CF,.cf,CENTRAL AFRICAN REPUBLIC (THE),CFA Franc BEAC,XAF,950.0,0
CHAD,The Republic of Chad,UN member state,TD,TCD,148.0,ISO 3166-2:TD,.td,CHAD,CFA Franc BEAC,XAF,950.0,0
CHILE,The Republic of Chile,UN member state,CL,CHL,152.0,ISO 3166-2:CL,.cl,CHILE,Chilean Peso,CLP,152.0,0
CHILE,The Republic of Chile,UN member state,CL,CHL,152.0,ISO 3166-2:CL,.cl,CHILE,Unidad de Fomento,CLF,990.0,4
CHINA,The People's Republic of China,UN member state,CN,CHN,156.0,ISO 3166-2:CN,.cn,CHINA,Yuan Renminbi,CNY,156.0,2
CHRISTMAS ISLAND,The Territory of Christmas Island,Australia,CX,CXR,162.0,ISO 3166-2:CX,.cx,CHRISTMAS ISLAND,Australian Dollar,AUD,36.0,2
COCOS (KEELING) ISLANDS (THE),The Territory of Cocos (Keeling) Islands,Australia,CC,CCK,166.0,ISO 3166-2:CC,.cc,COCOS (KEELING) ISLANDS (THE),Australian Dollar,AUD,36.0,2
COLOMBIA,The Republic of Colombia,UN member state,CO,COL,170.0,ISO 3166-2:CO,.co,COLOMBIA,Colombian Peso,COP,170.0,2
COLOMBIA,The Republic of Colombia,UN member state,CO,COL,170.0,ISO 3166-2:CO,.co,COLOMBIA,Unidad de Valor Real,COU,970.0,2
COMOROS (THE),The Union of the Comoros,UN member state,KM,COM,174.0,ISO 3166-2:KM,.km,COMOROS (THE),Comorian Franc ,KMF,174.0,0
CONGO (THE DEMOCRATIC REPUBLIC OF THE),The Democratic Republic of the Congo,UN member state,CD,COD,180.0,ISO 3166-2:CD,.cd,CONGO (THE DEMOCRATIC REPUBLIC OF THE),Congolese Franc,CDF,976.0,2
CONGO (THE),The Republic of the Congo,UN member state,CG,COG,178.0,ISO 3166-2:CG,.cg,CONGO (THE),CFA Franc BEAC,XAF,950.0,0
COOK ISLANDS (THE),The Cook Islands,New Zealand,CK,COK,184.0,ISO 3166-2:CK,.ck,COOK ISLANDS (THE),New Zealand Dollar,NZD,554.0,2
COSTA RICA,The Republic of Costa Rica,UN member state,CR,CRI,188.0,ISO 3166-2:CR,.cr,COSTA RICA,Costa Rican Colon,CRC,188.0,2
CÔTE D'IVOIRE,The Republic of Côte d'Ivoire,UN member state,CI,CIV,384.0,ISO 3166-2:CI,.ci,CÔTE D'IVOIRE,CFA Franc BCEAO,XOF,952.0,0
CROATIA,The Republic of Croatia,UN member state,HR,HRV,191.0,ISO 3166-2:HR,.hr,CROATIA,Euro,EUR,978.0,2
CUBA,The Republic of Cuba,UN member state,CU,CUB,192.0,ISO 3166-2:CU,.cu,CUBA,Cuban Peso,CUP,192.0,2
CUBA,The Republic of Cuba,UN member state,CU,CUB,192.0,ISO 3166-2:CU,.cu,CUBA,Peso Convertible,CUC,931.0,2
CURAÇAO,The Country of Curaçao,Netherlands,CW,CUW,531.0,ISO 3166-2:CW,.cw,CURAÇAO,Netherlands Antillean Guilder,ANG,532.0,2
CYPRUS,The Republic of Cyprus,UN member state,CY,CYP,196.0,ISO 3166-2:CY,.cy,CYPRUS,Euro,EUR,978.0,2
CZECHIA,The Czech Republic,UN member state,CZ,CZE,203.0,ISO 3166-2:CZ,.cz,CZECHIA,Czech Koruna,CZK,203.0,2
DENMARK,The Kingdom of Denmark,UN member state,DK,DNK,208.0,ISO 3166-2:DK,.dk,DENMARK,Danish Krone,DKK,208.0,2
DJIBOUTI,The Republic of Djibouti,UN member state,DJ,DJI,262.0,ISO 3166-2:DJ,.dj,DJIBOUTI,Djibouti Franc,DJF,262.0,0
DOMINICA,The Commonwealth of Dominica,UN member state,DM,DMA,212.0,ISO 3166-2:DM,.dm,DOMINICA,East Caribbean Dollar,XCD,951.0,2
DOMINICAN REPUBLIC (THE),The Dominican Republic,UN member state,DO,DOM,214.0,ISO 3166-2:DO,.do,DOMINICAN REPUBLIC (THE),Dominican Peso,DOP,214.0,2
ECUADOR,The Republic of Ecuador,UN member state,EC,ECU,218.0,ISO 3166-2:EC,.ec,ECUADOR,US Dollar,USD,840.0,2
EGYPT,The Arab Republic of Egypt,UN member state,EG,EGY,818.0,ISO 3166-2:EG,.eg,EGYPT,Egyptian Pound,EGP,818.0,2
EL SALVADOR,The Republic of El Salvador,UN member state,SV,SLV,222.0,ISO 3166-2:SV,.sv,EL SALVADOR,El Salvador Colon,SVC,222.0,2
EL SALVADOR,The Republic of El Salvador,UN member state,SV,SLV,222.0,ISO 3166-2:SV,.sv,EL SALVADOR,US Dollar,USD,840.0,2
EQUATORIAL GUINEA,The Republic of Equatorial Guinea,UN member state,GQ,GNQ,226.0,ISO 3166-2:GQ,.gq,EQUATORIAL GUINEA,CFA Franc BEAC,XAF,950.0,0
ERITREA,The State of Eritrea,UN member state,ER,ERI,232.0,ISO 3166-2:ER,.er,ERITREA,Nakfa,ERN,232.0,2
ESTONIA,The Republic of Estonia,UN member state,EE,EST,233.0,ISO 3166-2:EE,.ee,ESTONIA,Euro,EUR,978.0,2
ESWATINI,The Kingdom of Eswatini,UN member state,SZ,SWZ,748.0,ISO 3166-2:SZ,.sz,ESWATINI,Lilangeni,SZL,748.0,2
ETHIOPIA,The Federal Democratic Republic of Ethiopia,UN member state,ET,ETH,231.0,ISO 3166-2:ET,.et,ETHIOPIA,Ethiopian Birr,ETB,230.0,2
FALKLAND ISLANDS (THE) [MALVINAS],The Falkland Islands,United Kingdom,FK,FLK,238.0,ISO 3166-2:FK,.fk,FALKLAND ISLANDS (THE) [MALVINAS],Falkland Islands Pound,FKP,238.0,2
FAROE ISLANDS (THE),The Faroe Islands,Denmark,FO,FRO,234.0,ISO 3166-2:FO,.fo,FAROE ISLANDS (THE),Danish Krone,DKK,208.0,2
FIJI,The Republic of Fiji,UN member state,FJ,FJI,242.0,ISO 3166-2:FJ,.fj,FIJI,Fiji Dollar,FJD,242.0,2
FINLAND,The Republic of Finland,UN member state,FI,FIN,246.0,ISO 3166-2:FI,.fi,FINLAND,Euro,EUR,978.0,2
FRANCE,The French Republic,UN member state,FR,FRA,250.0,ISO 3166-2:FR,.fr,FRANCE,Euro,EUR,978.0,2
FRENCH GUIANA,Guyane,France,GF,GUF,254.0,ISO 3166-2:GF,.gf,FRENCH GUIANA,Euro,EUR,978.0,2
FRENCH POLYNESIA,French Polynesia,France,PF,PYF,258.0,ISO 3166-2:PF,.pf,FRENCH POLYNESIA,CFP Franc,XPF,953.0,0
FRENCH SOUTHERN TERRITORIES (THE),The French Southern and Antarctic Lands,France,TF,ATF,260.0,ISO 3166-2:TF,.tf,FRENCH SOUTHERN TERRITORIES (THE),Euro,EUR,978.0,2
GABON,The Gabonese Republic,UN member state,GA,GAB,266.0,ISO 3166-2:GA,.ga,GABON,CFA Franc BEAC,XAF,950.0,0
GAMBIA (THE),The Republic of The Gambia,UN member state,GM,GMB,270.0,ISO 3166-2:GM,.gm,GAMBIA (THE),Dalasi,GMD,270.0,2
GEORGIA,Georgia,UN member state,GE,GEO,268.0,ISO 3166-2:GE,.ge,GEORGIA,Lari,GEL,981.0,2
GERMANY,The Federal Republic of Germany,UN member state,DE,DEU,276.0,ISO 3166-2:DE,.de,GERMANY,Euro,EUR,978.0,2
GHANA,The Republic of Ghana,UN member state,GH,GHA,288.0,ISO 3166-2:GH,.gh,GHANA,Ghana Cedi,GHS,936.0,2
GIBRALTAR,Gibraltar,United Kingdom,GI,GIB,292.0,ISO 3166-2:GI,.gi,GIBRALTAR,Gibraltar Pound,GIP,292.0,2
GREECE,The Hellenic Republic,UN member state,GR,GRC,300.0,ISO 3166-2:GR,.gr,GREECE,Euro,EUR,978.0,2
GREENLAND,Kalaallit Nunaat,Denmark,GL,GRL,304.0,ISO 3166-2:GL,.gl,GREENLAND,Danish Krone,DKK,208.0,2
GRENADA,Grenada,UN member state,GD,GRD,308.0,ISO 3166-2:GD,.gd,GRENADA,East Caribbean Dollar,XCD,951.0,2
GUADELOUPE,Guadeloupe,France,GP,GLP,312.0,ISO 3166-2:GP,.gp,GUADELOUPE,Euro,EUR,978.0,2
GUAM,The Territory of Guam,United States,GU,GUM,316.0,ISO 3166-2:GU,.gu,GUAM,US Dollar,USD,840.0,2
GUATEMALA,The Republic of Guatemala,UN member state,GT,GTM,320.0,ISO 3166-2:GT,.gt,GUATEMALA,Quetzal,GTQ,320.0,2
GUERNSEY,The Bailiwick of Guernsey,British Crown,GG,GGY,831.0,ISO 3166-2:GG,.gg,GUERNSEY,Pound Sterling,GBP,826.0,2
GUINEA,The Republic of Guinea,UN member state,GN,GIN,324.0,ISO 3166-2:GN,.gn,GUINEA,Guinean Franc,GNF,324.0,0
GUINEA-BISSAU,The Republic of Guinea-Bissau,UN member state,GW,GNB,624.0,ISO 3166-2:GW,.gw,GUINEA-BISSAU,CFA Franc BCEAO,XOF,952.0,0
GUYANA,The Co-operative Republic of Guyana,UN member state,GY,GUY,328.0,ISO 3166-2:GY,.gy,GUYANA,Guyana Dollar,GYD,328.0,2
HAITI,The Republic of Haiti,UN member state,HT,HTI,332.0,ISO 3166-2:HT,.ht,HAITI,Gourde,HTG,332.0,2
HAITI,The Republic of Haiti,UN member state,HT,HTI,332.0,ISO 3166-2:HT,.ht,HAITI,US Dollar,USD,840.0,2
HEARD ISLAND AND MCDONALD ISLANDS,The Territory of Heard Island and McDonald Islands,Australia,HM,HMD,334.0,ISO 3166-2:HM,.hm,HEARD ISLAND AND MCDONALD ISLANDS,Australian Dollar,AUD,36.0,2
HOLY SEE (THE),The Holy See,UN observer state,VA,VAT,336.0,ISO 3166-2:VA,.va,HOLY SEE (THE),Euro,EUR,978.0,2
HONDURAS,The Republic of Honduras,UN member state,HN,HND,340.0,ISO 3166-2:HN,.hn,HONDURAS,Lempira,HNL,340.0,2
HONG KONG,The Hong Kong Special Administrative Region of China,China,HK,HKG,344.0,ISO 3166-2:HK,.hk,HONG KONG,Hong Kong Dollar,HKD,344.0,2
HUNGARY,Hungary,UN member state,HU,HUN,348.0,ISO 3166-2:HU,.hu,HUNGARY,Forint,HUF,348.0,2
ICELAND,Iceland,UN member state,IS,ISL,352.0,ISO 3166-2:IS,.is,ICELAND,Iceland Krona,ISK,352.0,0
INDIA,The Republic of India,UN member state,IN,IND,356.0,ISO 3166-2:IN,.in,INDIA,Indian Rupee,INR,356.0,2
INDONESIA,The Republic of Indonesia,UN member state,ID,IDN,360.0,ISO 3166-2:ID,.id,INDONESIA,Rupiah,IDR,360.0,2
IRAN (ISLAMIC REPUBLIC OF),The Islamic Republic of Iran,UN member state,IR,IRN,364.0,ISO 3166-2:IR,.ir,IRAN (ISLAMIC REPUBLIC OF),Iranian Rial,IRR,364.0,2
IRAQ,The Republic of Iraq,UN member state,IQ,IRQ,368.0,ISO 3166-2:IQ,.iq,IRAQ,Iraqi Dinar,IQD,368.0,3
IRELAND,Ireland,UN member state,IE,IRL,372.0,ISO 3166-2:IE,.ie,IRELAND,Euro,EUR,978.0,2
ISLE OF MAN,The Isle of Man,British Crown,IM,IMN,833.0,ISO 3166-2:IM,.im,ISLE OF MAN,Pound Sterling,GBP,826.0,2
ISRAEL,The State of Israel,UN member state,IL,ISR,376.0,ISO 3166-2:IL,.il,ISRAEL,New Israeli Sheqel,ILS,376.0,2
ITALY,The Italian Republic,UN member state,IT,ITA,380.0,ISO 3166-2:IT,.it,ITALY,Euro,EUR,978.0,2
JAMAICA,Jamaica,UN member state,JM,JAM,388.0,ISO 3166-2:JM,.jm,JAMAICA,Jamaican Dollar,JMD,388.0,2
JAPAN,Japan,UN member state,JP,JPN,392.0,ISO 3166-2:JP,.jp,JAPAN,Yen,JPY,392.0,0
JERSEY,The Bailiwick of Jersey,British Crown,JE,JEY,832.0,ISO 3166-2:JE,.je,JERSEY,Pound Sterling,GBP,826.0,2
JORDAN,The Hashemite Kingdom of Jordan,UN member state,JO,JOR,400.0,ISO 3166-2:JO,.jo,JORDAN,Jordanian Dinar,JOD,400.0,3
KAZAKHSTAN,The Republic of Kazakhstan,UN member state,KZ,KAZ,398.0,ISO 3166-2:KZ,.kz,KAZAKHSTAN,Tenge,KZT,398.0,2
KENYA,The Republic of Kenya,UN member state,KE,KEN,404.0,ISO 3166-2:KE,.ke,KENYA,Kenyan Shilling,KES,404.0,2
KIRIBATI,The Republic of Kiribati,UN member state,KI,KIR,296.0,ISO 3166-2:KI,.ki,KIRIBATI,Australian Dollar,AUD,36.0,2
KOREA (THE DEMOCRATIC PEOPLE'S REPUBLIC OF),The Democratic People's Republic of Korea,UN member state,KP,PRK,408.0,ISO 3166-2:KP,.kp,KOREA (THE DEMOCRATIC PEOPLE'S REPUBLIC OF),North Korean Won,KPW,408.0,2
KOREA (THE REPUBLIC OF),The Republic of Korea,UN member state,KR,KOR,410.0,ISO 3166-2:KR,.kr,KOREA (THE REPUBLIC OF),Won,KRW,410.0,0
KUWAIT,The State of Kuwait,UN member state,KW,KWT,414.0,ISO 3166-2:KW,.kw,KUWAIT,Kuwaiti Dinar,KWD,414.0,3
KYRGYZSTAN,The Kyrgyz Republic,UN member state,KG,KGZ,417.0,ISO 3166-2:KG,.kg,KYRGYZSTAN,Som,KGS,417.0,2
LAO PEOPLE'S DEMOCRATIC REPUBLIC (THE),The Lao People's Democratic Republic,UN member state,LA,LAO,418.0,ISO 3166-2:LA,.la,LAO PEOPLE'S DEMOCRATIC REPUBLIC (THE),Lao Kip,LAK,418.0,2
LATVIA,The Republic of Latvia,UN member state,LV,LVA,428.0,ISO 3166-2:LV,.lv,LATVIA,Euro,EUR,978.0,2
LEBANON,The Lebanese Republic,UN member state,LB,LBN,422.0,ISO 3166-2:LB,.lb,LEBANON,Lebanese Pound,LBP,422.0,2
LESOTHO,The Kingdom of Lesotho,UN member state,LS,LSO,426.0,ISO 3166-2:LS,.ls,LESOTHO,Loti,LSL,426.0,2
LESOTHO,The Kingdom of Lesotho,UN member state,LS,LSO,426.0,ISO 3166-2:LS,.ls,LESOTHO,Rand,ZAR,710.0,2
LIBERIA,The Republic of Liberia,UN member state,LR,LBR,430.0,ISO 3166-2:LR,.lr,LIBERIA,Liberian Dollar,LRD,430.0,2
LIBYA,The State of Libya,UN member state,LY,LBY,434.0,ISO 3166-2:LY,.ly,LIBYA,Libyan Dinar,LYD,434.0,3
LIECHTENSTEIN,The Principality of Liechtenstein,UN member state,LI,LIE,438.0,ISO 3166-2:LI,.li,LIECHTENSTEIN,Swiss Franc,CHF,756.0,2
LITHUANIA,The Republic of Lithuania,UN member state,LT,LTU,440.0,ISO 3166-2:LT,.lt,LITHUANIA,Euro,EUR,978.0,2
LUXEMBOURG,The Grand Duchy of Luxembourg,UN member state,LU,LUX,442.0,ISO 3166-2:LU,.lu,LUXEMBOURG,Euro,EUR,978.0,2
MACAO,The Macao Special Administrative Region of China,China,MO,MAC,446.0,ISO 3166-2:MO,.mo,MACAO,Pataca,MOP,446.0,2
NORTH MACEDONIA,The Republic of North Macedonia,UN member state,MK,MKD,807.0,ISO 3166-2:MK,.mk,NORTH MACEDONIA,Denar,MKD,807.0,2
MADAGASCAR,The Republic of Madagascar,UN member state,MG,MDG,450.0,ISO 3166-2:MG,.mg,MADAGASCAR,Malagasy Ariary,MGA,969.0,2
MALAWI,The Republic of Malawi,UN member state,MW,MWI,454.0,ISO 3166-2:MW,.mw,MALAWI,Malawi Kwacha,MWK,454.0,2
MALAYSIA,Malaysia,UN member state,MY,MYS,458.0,ISO 3166-2:MY,.my,MALAYSIA,Malaysian Ringgit,MYR,458.0,2
MALDIVES,The Republic of Maldives,UN member state,MV,MDV,462.0,ISO 3166-2:MV,.mv,MALDIVES,Rufiyaa,MVR,462.0,2
MALI,The Republic of Mali,UN member state,ML,MLI,466.0,ISO 3166-2:ML,.ml,MALI,CFA Franc BCEAO,XOF,952.0,0
MALTA,The Republic of Malta,UN member state,MT,MLT,470.0,ISO 3166-2:MT,.mt,MALTA,Euro,EUR,978.0,2
MARSHALL ISLANDS (THE),The Republic of the Marshall Islands,UN member state,MH,MHL,584.0,ISO 3166-2:MH,.mh,MARSHALL ISLANDS (THE),US Dollar,USD,840.0,2
MARTINIQUE,Martinique,France,MQ,MTQ,474.0,ISO 3166-2:MQ,.mq,MARTINIQUE,Euro,EUR,978.0,2
MAURITANIA,The Islamic Republic of Mauritania,UN member state,MR,MRT,478.0,ISO 3166-2:MR,.mr,MAURITANIA,Ouguiya,MRU,929.0,2
MAURITIUS,The Republic of Mauritius,UN member state,MU,MUS,480.0,ISO 3166-2:MU,.mu,MAURITIUS,Mauritius Rupee,MUR,480.0,2
MAYOTTE,The Department of Mayotte,France,YT,MYT,175.0,ISO 3166-2:YT,.yt,MAYOTTE,Euro,EUR,978.0,2
MEXICO,The United Mexican States,UN member state,MX,MEX,484.0,ISO 3166-2:MX,.mx,MEXICO,Mexican Peso,MXN,484.0,2
MEXICO,The United Mexican States,UN member state,MX,MEX,484.0,ISO 3166-2:MX,.mx,MEXICO,Mexican Unidad de Inversion (UDI),MXV,979.0,2
MICRONESIA (FEDERATED STATES OF),The Federated States of Micronesia,UN member state,FM,FSM,583.0,ISO 3166-2:FM,.fm,MICRONESIA (FEDERATED STATES OF),US Dollar,USD,840.0,2
MOLDOVA (THE REPUBLIC OF),The Republic of Moldova,UN member state,MD,MDA,498.0,ISO 3166-2:MD,.md,MOLDOVA (THE REPUBLIC OF),Moldovan Leu,MDL,498.0,2
MONACO,The Principality of Monaco,UN member state,MC,MCO,492.0,ISO 3166-2:MC,.mc,MONACO,Euro,EUR,978.0,2
MONGOLIA,Mongolia,UN member state,MN,MNG,496.0,ISO 3166-2:MN,.mn,MONGOLIA,Tugrik,MNT,496.0,2
MONTENEGRO,Montenegro,UN member state,ME,MNE,499.0,ISO 3166-2:ME,.me,MONTENEGRO,Euro,EUR,978.0,2
MONTSERRAT,Montserrat,United Kingdom,MS,MSR,500.0,ISO 3166-2:MS,.ms,MONTSERRAT,East Caribbean Dollar,XCD,951.0,2
MOROCCO,The Kingdom of Morocco,UN member state,MA,MAR,504.0,ISO 3166-2:MA,.ma,MOROCCO,Moroccan Dirham,MAD,504.0,2
MOZAMBIQUE,The Republic of Mozambique,UN member state,MZ,MOZ,508.0,ISO 3166-2:MZ,.mz,MOZAMBIQUE,Mozambique Metical,MZN,943.0,2
MYANMAR,The Republic of the Union of Myanmar,UN member state,MM,MMR,104.0,ISO 3166-2:MM,.mm,MYANMAR,Kyat,MMK,104.0,2
NAMIBIA,The Republic of Namibia,UN member state,NA,NAM,516.0,ISO 3166-2:NA,.na,NAMIBIA,Namibia Dollar,NAD,516.0,2
NAMIBIA,The Republic of Namibia,UN member state,NA,NAM,516.0,ISO 3166-2:NA,.na,NAMIBIA,Rand,ZAR,710.0,2
NAURU,The Republic of Nauru,UN member state,NR,NRU,520.0,ISO 3166-2:NR,.nr,NAURU,Australian Dollar,AUD,36.0,2
NEPAL,The Federal Democratic Republic of Nepal,UN member state,NP,NPL,524.0,ISO 3166-2:NP,.np,NEPAL,Nepalese Rupee,NPR,524.0,2
"NETHERLANDS, KINGDOM OF THE",The Kingdom of the Netherlands,UN member state,NL,NLD,528.0,ISO 3166-2:NL,.nl,"NETHERLANDS, KINGDOM OF THE",Euro,EUR,978.0,2
NEW CALEDONIA,New Caledonia,France,NC,NCL,540.0,ISO 3166-2:NC,.nc,NEW CALEDONIA,CFP Franc,XPF,953.0,0
NEW ZEALAND,New Zealand,UN member state,NZ,NZL,554.0,ISO 3166-2:NZ,.nz,NEW ZEALAND,New Zealand Dollar,NZD,554.0,2
NICARAGUA,The Republic of Nicaragua,UN member state,NI,NIC,558.0,ISO 3166-2:NI,.ni,NICARAGUA,Cordoba Oro,NIO,558.0,2
NIGER (THE),The Republic of the Niger,UN member state,NE,NER,562.0,ISO 3166-2:NE,.ne,NIGER (THE),CFA Franc BCEAO,XOF,952.0,0
NIGERIA,The Federal Republic of Nigeria,UN member state,NG,NGA,566.0,ISO 3166-2:NG,.ng,NIGERIA,Naira,NGN,566.0,2
NIUE,Niue,New Zealand,NU,NIU,570.0,ISO 3166-2:NU,.nu,NIUE,New Zealand Dollar,NZD,554.0,2
NORFOLK ISLAND,The Territory of Norfolk Island,Australia,NF,NFK,574.0,ISO 3166-2:NF,.nf,NORFOLK ISLAND,Australian Dollar,AUD,36.0,2
NORTHERN MARIANA ISLANDS (THE),The Commonwealth of the Northern Mariana Islands,United States,MP,MNP,580.0,ISO 3166-2:MP,.mp,NORTHERN MARIANA ISLANDS (THE),US Dollar,USD,840.0,2
NORWAY,The Kingdom of Norway,UN member state,NO,NOR,578.0,ISO 3166-2:NO,.no,NORWAY,Norwegian Krone,NOK,578.0,2
OMAN,The Sultanate of Oman,UN member state,OM,OMN,512.0,ISO 3166-2:OM,.om,OMAN,Rial Omani,OMR,512.0,3
PAKISTAN,The Islamic Republic of Pakistan,UN member state,PK,PAK,586.0,ISO 3166-2:PK,.pk,PAKISTAN,Pakistan Rupee,PKR,586.0,2
PALAU,The Republic of Palau,UN member state,PW,PLW,585.0,ISO 3166-2:PW,.pw,PALAU,US Dollar,USD,840.0,2
"PALESTINE, STATE OF",The State of Palestine,UN observer state,PS,PSE,275.0,ISO 3166-2:PS,.ps,"PALESTINE, STATE OF",No universal currency,,,
PANAMA,The Republic of Panamá,UN member state,PA,PAN,591.0,ISO 3166-2:PA,.pa,PANAMA,Balboa,PAB,590.0,2
PANAMA,The Republic of Panamá,UN member state,PA,PAN,591.0,ISO 3166-2:PA,.pa,PANAMA,US Dollar,USD,840.0,2
PAPUA NEW GUINEA,The Independent State of Papua New Guinea,UN member state,PG,PNG,598.0,ISO 3166-2:PG,.pg,PAPUA NEW GUINEA,Kina,PGK,598.0,2
PARAGUAY,The Republic of Paraguay,UN member state,PY,PRY,600.0,ISO 3166-2:PY,.py,PARAGUAY,Guarani,PYG,600.0,0
PERU,The Republic of Perú,UN member state,PE,PER,604.0,ISO 3166-2:PE,.pe,PERU,Sol,PEN,604.0,2
PHILIPPINES (THE),The Republic of the Philippines,UN member state,PH,PHL,608.0,ISO 3166-2:PH,.ph,PHILIPPINES (THE),Philippine Peso,PHP,608.0,2
PITCAIRN,"The Pitcairn, Henderson, Ducie and Oeno Islands",United Kingdom,PN,PCN,612.0,ISO 3166-2:PN,.pn,PITCAIRN,New Zealand Dollar,NZD,554.0,2
POLAND,The Republic of Poland,UN member state,PL,POL,616.0,ISO 3166-2:PL,.pl,POLAND,Zloty,PLN,985.0,2
PORTUGAL,The Portuguese Republic,UN member state,PT,PRT,620.0,ISO 3166-2:PT,.pt,PORTUGAL,Euro,EUR,978.0,2
PUERTO RICO,The Commonwealth of Puerto Rico,United States,PR,PRI,630.0,ISO 3166-2:PR,.pr,PUERTO RICO,US Dollar,USD,840.0,2
QATAR,The State of Qatar,UN member state,QA,QAT,634.0,ISO 3166-2:QA,.qa,QATAR,Qatari Rial,QAR,634.0,2
RÉUNION,Réunion,France,RE,REU,638.0,ISO 3166-2:RE,.re,RÉUNION,Euro,EUR,978.0,2
ROMANIA,Romania,UN member state,RO,ROU,642.0,ISO 3166-2:RO,.ro,ROMANIA,Romanian Leu,RON,946.0,2
RUSSIAN FEDERATION (THE),The Russian Federation,UN member state,RU,RUS,643.0,ISO 3166-2:RU,.ru,RUSSIAN FEDERATION (THE),Russian Ruble,RUB,643.0,2
RWANDA,The Republic of Rwanda,UN member state,RW,RWA,646.0,ISO 3166-2:RW,.rw,RWANDA,Rwanda Franc,RWF,646.0,0
SAINT BARTHÉLEMY,The Collectivity of Saint-Barthélemy,France,BL,BLM,652.0,ISO 3166-2:BL,.bl,SAINT BARTHÉLEMY,Euro,EUR,978.0,2
SAINT HELENA ASCENSION ISLAND TRISTAN DA CUNHA,"Saint Helena, Ascension and Tristan da Cunha",United Kingdom,SH,SHN,654.0,ISO 3166-2:SH,.sh,SAINT HELENA ASCENSION ISLAND TRISTAN DA CUNHA,Saint Helena Pound,SHP,654.0,2
SAINT KITTS AND NEVIS,Saint Kitts and Nevis,UN member state,KN,KNA,659.0,ISO 3166-2:KN,.kn,SAINT KITTS AND NEVIS,East Caribbean Dollar,XCD,951.0,2
SAINT LUCIA,Saint Lucia,UN member state,LC,LCA,662.0,ISO 3166-2:LC,.lc,SAINT LUCIA,East Caribbean Dollar,XCD,951.0,2
SAINT MARTIN (FRENCH PART),The Collectivity of Saint-Martin,France,MF,MAF,663.0,ISO 3166-2:MF,.mf,SAINT MARTIN (FRENCH PART),Euro,EUR,978.0,2
SAINT PIERRE AND MIQUELON,The Overseas Collectivity of Saint-Pierre and Miquelon,France,PM,SPM,666.0,ISO 3166-2:PM,.pm,SAINT PIERRE AND MIQUELON,Euro,EUR,978.0,2
SAINT VINCENT AND THE GRENADINES,Saint Vincent and the Grenadines,UN member state,VC,VCT,670.0,ISO 3166-2:VC,.vc,SAINT VINCENT AND THE GRENADINES,East Caribbean Dollar,XCD,951.0,2
SAMOA,The Independent State of Samoa,UN member state,WS,WSM,882.0,ISO 3166-2:WS,.ws,SAMOA,Tala,WST,882.0,2
SAN MARINO,The Republic of San Marino,UN member state,SM,SMR,674.0,ISO 3166-2:SM,.sm,SAN MARINO,Euro,EUR,978.0,2
SAO TOME AND PRINCIPE,The Democratic Republic of São Tomé and Príncipe,UN member state,ST,STP,678.0,ISO 3166-2:ST,.st,SAO TOME AND PRINCIPE,Dobra,STN,930.0,2
SAUDI ARABIA,The Kingdom of Saudi Arabia,UN member state,SA,SAU,682.0,ISO 3166-2:SA,.sa,SAUDI ARABIA,Saudi Riyal,SAR,682.0,2
SENEGAL,The Republic of Senegal,UN member state,SN,SEN,686.0,ISO 3166-2:SN,.sn,SENEGAL,CFA Franc BCEAO,XOF,952.0,0
SERBIA,The Republic of Serbia,UN member state,RS,SRB,688.0,ISO 3166-2:RS,.rs,SERBIA,Serbian Dinar,RSD,941.0,2
SEYCHELLES,The Republic of Seychelles,UN member state,SC,SYC,690.0,ISO 3166-2:SC,.sc,SEYCHELLES,Seychelles Rupee,SCR,690.0,2
SIERRA LEONE,The Republic of Sierra Leone,UN member state,SL,SLE,694.0,ISO 3166-2:SL,.sl,SIERRA LEONE,Leone,SLL,694.0,2
SIERRA LEONE,The Republic of Sierra Leone,UN member state,SL,SLE,694.0,ISO 3166-2:SL,.sl,SIERRA LEONE,Leone,SLE,925.0,2
SINGAPORE,The Republic of Singapore,UN member state,SG,SGP,702.0,ISO 3166-2:SG,.sg,SINGAPORE,Singapore Dollar,SGD,702.0,2
SINT MAARTEN (DUTCH PART),Sint Maarten,Netherlands,SX,SXM,534.0,ISO 3166-2:SX,.sx,SINT MAARTEN (DUTCH PART),Netherlands Antillean Guilder,ANG,532.0,2
SLOVAKIA,The Slovak Republic,UN member state,SK,SVK,703.0,ISO 3166-2:SK,.sk,SLOVAKIA,Euro,EUR,978.0,2
SLOVENIA,The Republic of Slovenia,UN member state,SI,SVN,705.0,ISO 3166-2:SI,.si,SLOVENIA,Euro,EUR,978.0,2
SOLOMON ISLANDS,The Solomon Islands,UN member state,SB,SLB,90.0,ISO 3166-2:SB,.sb,SOLOMON ISLANDS,Solomon Islands Dollar,SBD,90.0,2
SOMALIA,The Federal Republic of Somalia,UN member state,SO,SOM,706.0,ISO 3166-2:SO,.so,SOMALIA,Somali Shilling,SOS,706.0,2
SOUTH AFRICA,The Republic of South Africa,UN member state,ZA,ZAF,710.0,ISO 3166-2:ZA,.za,SOUTH AFRICA,Rand,ZAR,710.0,2
SOUTH GEORGIA AND THE SOUTH SANDWICH ISLANDS,South Georgia and the South Sandwich Islands,United Kingdom,GS,SGS,239.0,ISO 3166-2:GS,.gs,SOUTH GEORGIA AND THE SOUTH SANDWICH ISLANDS,No universal currency,,,
SOUTH SUDAN,The Republic of South Sudan,UN member state,SS,SSD,728.0,ISO 3166-2:SS,.ss,SOUTH SUDAN,South Sudanese Pound,SSP,728.0,2
SPAIN,The Kingdom of Spain,UN member state,ES,ESP,724.0,ISO 3166-2:ES,.es,SPAIN,Euro,EUR,978.0,2
SRI LANKA,The Democratic Socialist Republic of Sri Lanka,UN member state,LK,LKA,144.0,ISO 3166-2:LK,.lk,SRI LANKA,Sri Lanka Rupee,LKR,144.0,2
SUDAN (THE),The Republic of the Sudan,UN member state,SD,SDN,729.0,ISO 3166-2:SD,.sd,SUDAN (THE),Sudanese Pound,SDG,938.0,2
SURINAME,The Republic of Suriname,UN member state,SR,SUR,740.0,ISO 3166-2:SR,.sr,SURINAME,Surinam Dollar,SRD,968.0,2
SVALBARD JAN MAYEN,Svalbard and Jan Mayen,Norway,SJ,SJM,744.0,ISO 3166-2:SJ,,SVALBARD JAN MAYEN,Norwegian Krone,NOK,578.0,2
SWEDEN,The Kingdom of Sweden,UN member state,SE,SWE,752.0,ISO 3166-2:SE,.se,SWEDEN,Swedish Krona,SEK,752.0,2
SWITZERLAND,The Swiss Confederation,UN member state,CH,CHE,756.0,ISO 3166-2:CH,.ch,SWITZERLAND,Swiss Franc,CHF,756.0,2
SWITZERLAND,The Swiss Confederation,UN member state,CH,CHE,756.0,ISO 3166-2:CH,.ch,SWITZERLAND,WIR Euro,CHE,947.0,2
SWITZERLAND,The Swiss Confederation,UN member state,CH,CHE,756.0,ISO 3166-2:CH,.ch,SWITZERLAND,WIR Franc,CHW,948.0,2
SYRIAN ARAB REPUBLIC (THE),The Syrian Arab Republic,UN member state,SY,SYR,760.0,ISO 3166-2:SY,.sy,SYRIAN ARAB REPUBLIC (THE),Syrian Pound,SYP,760.0,2
TAIWAN (PROVINCE OF CHINA),The Republic of China,Disputed,TW,TWN,158.0,ISO 3166-2:TW,.tw,TAIWAN (PROVINCE OF CHINA),New Taiwan Dollar,TWD,901.0,2
TAJIKISTAN,The Republic of Tajikistan,UN member state,TJ,TJK,762.0,ISO 3166-2:TJ,.tj,TAJIKISTAN,Somoni,TJS,972.0,2
"TANZANIA, THE UNITED REPUBLIC OF",The United Republic of Tanzania,UN member state,TZ,TZA,834.0,ISO 3166-2:TZ,.tz,"TANZANIA, THE UNITED REPUBLIC OF",Tanzanian Shilling,TZS,834.0,2
THAILAND,The Kingdom of Thailand,UN member state,TH,THA,764.0,ISO 3166-2:TH,.th,THAILAND,Baht,THB,764.0,2
TIMOR-LESTE,The Democratic Republic of Timor-Leste,UN member state,TL,TLS,626.0,ISO 3166-2:TL,.tl,TIMOR-LESTE,US Dollar,USD,840.0,2
TOGO,The Togolese Republic,UN member state,TG,TGO,768.0,ISO 3166-2:TG,.tg,TOGO,CFA Franc BCEAO,XOF,952.0,0
TOKELAU,Tokelau,New Zealand,TK,TKL,772.0,ISO 3166-2:TK,.tk,TOKELAU,New Zealand Dollar,NZD,554.0,2
TONGA,The Kingdom of Tonga,UN member state,TO,TON,776.0,ISO 3166-2:TO,.to,TONGA,Pa’anga,TOP,776.0,2
TRINIDAD AND TOBAGO,The Republic of Trinidad and Tobago,UN member state,TT,TTO,780.0,ISO 3166-2:TT,.tt,TRINIDAD AND TOBAGO,Trinidad and Tobago Dollar,TTD,780.0,2
TUNISIA,The Republic of Tunisia,UN member state,TN,TUN,788.0,ISO 3166-2:TN,.tn,TUNISIA,Tunisian Dinar,TND,788.0,3
TÜRKIYE,The Republic of Türkiye,UN member state,TR,TUR,792.0,ISO 3166-2:TR,.tr,TÜRKIYE,Turkish Lira,TRY,949.0,2
TURKMENISTAN,Turkmenistan,UN member state,TM,TKM,795.0,ISO 3166-2:TM,.tm,TURKMENISTAN,Turkmenistan New Manat,TMT,934.0,2
TURKS AND CAICOS ISLANDS (THE),The Turks and Caicos Islands,United Kingdom,TC,TCA,796.0,ISO 3166-2:TC,.tc,TURKS AND CAICOS ISLANDS (THE),US Dollar,USD,840.0,2
TUVALU,Tuvalu,UN member state,TV,TUV,798.0,ISO 3166-2:TV,.tv,TUVALU,Australian Dollar,AUD,36.0,2
UGANDA,The Republic of Uganda,UN member state,UG,UGA,800.0,ISO 3166-2:UG,.ug,UGANDA,Uganda Shilling,UGX,800.0,0
UKRAINE,Ukraine,UN member state,UA,UKR,804.0,ISO 3166-2:UA,.ua,UKRAINE,Hryvnia,UAH,980.0,2
UNITED ARAB EMIRATES (THE),The United Arab Emirates,UN member state,AE,ARE,784.0,ISO 3166-2:AE,.ae,UNITED ARAB EMIRATES (THE),UAE Dirham,AED,784.0,2
UNITED KINGDOM OF GREAT BRITAIN AND NORTHERN IRELAND (THE),The United Kingdom of Great Britain and Northern Ireland,UN member state,GB,GBR,826.0,ISO 3166-2:GB,".gb, .uk",UNITED KINGDOM OF GREAT BRITAIN AND NORTHERN IRELAND (THE),Pound Sterling,GBP,826.0,2
UNITED STATES MINOR OUTLYING ISLANDS (THE),"Baker Island, Howland Island, Jarvis Island, Johnston Atoll, Kingman Reef, Midway Atoll, Navassa Island, Palmyra Atoll, and Wake Island",United States,UM,UMI,581.0,ISO 3166-2:UM,,UNITED STATES MINOR OUTLYING ISLANDS (THE),US Dollar,USD,840.0,2
UNITED STATES OF AMERICA (THE),The United States of America,UN member state,US,USA,840.0,ISO 3166-2:US,.us,UNITED STATES OF AMERICA (THE),US Dollar,USD,840.0,2
UNITED STATES OF AMERICA (THE),The United States of America,UN member state,US,USA,840.0,ISO 3166-2:US,.us,UNITED STATES OF AMERICA (THE),US Dollar (Next day),USN,997.0,2
URUGUAY,The Oriental Republic of Uruguay,UN member state,UY,URY,858.0,ISO 3166-2:UY,.uy,URUGUAY,Peso Uruguayo,UYU,858.0,2
URUGUAY,The Oriental Republic of Uruguay,UN member state,UY,URY,858.0,ISO 3166-2:UY,.uy,URUGUAY,Uruguay Peso en Unidades Indexadas (UI),UYI,940.0,0
URUGUAY,The Oriental Republic of Uruguay,UN member state,UY,URY,858.0,ISO 3166-2:UY,.uy,URUGUAY,Unidad Previsional,UYW,927.0,4
UZBEKISTAN,The Republic of Uzbekistan,UN member state,UZ,UZB,860.0,ISO 3166-2:UZ,.uz,UZBEKISTAN,Uzbekistan Sum,UZS,860.0,2
VANUATU,The Republic of Vanuatu,UN member state,VU,VUT,548.0,ISO 3166-2:VU,.vu,VANUATU,Vatu,VUV,548.0,0
VENEZUELA (BOLIVARIAN REPUBLIC OF),The Bolivarian Republic of Venezuela,UN member state,VE,VEN,862.0,ISO 3166-2:VE,.ve,VENEZUELA (BOLIVARIAN REPUBLIC OF),Bolívar Soberano,VES,928.0,2
VENEZUELA (BOLIVARIAN REPUBLIC OF),The Bolivarian Republic of Venezuela,UN member state,VE,VEN,862.0,ISO 3166-2:VE,.ve,VENEZUELA (BOLIVARIAN REPUBLIC OF),Bolívar Soberano,VED,926.0,2
VIET NAM,The Socialist Republic of Viet Nam,UN member state,VN,VNM,704.0,ISO 3166-2:VN,.vn,VIET NAM,Dong,VND,704.0,0
VIRGIN ISLANDS (BRITISH),The Virgin Islands,United Kingdom,VG,VGB,92.0,ISO 3166-2:VG,.vg,VIRGIN ISLANDS (BRITISH),US Dollar,USD,840.0,2
VIRGIN ISLANDS (U.S.),The Virgin Islands of the United States,United States,VI,VIR,850.0,ISO 3166-2:VI,.vi,VIRGIN ISLANDS (U.S.),US Dollar,USD,840.0,2
WALLIS AND FUTUNA,The Territory of the Wallis and Futuna Islands,France,WF,WLF,876.0,ISO 3166-2:WF,.wf,WALLIS AND FUTUNA,CFP Franc,XPF,953.0,0
WESTERN SAHARA,The Sahrawi Arab Democratic Republic,Disputed,EH,ESH,732.0,ISO 3166-2:EH,,WESTERN SAHARA,Moroccan Dirham,MAD,504.0,2
YEMEN,The Republic of Yemen,UN member state,YE,YEM,887.0,ISO 3166-2:YE,.ye,YEMEN,Yemeni Rial,YER,886.0,2
ZAMBIA,The Republic of Zambia,UN member state,ZM,ZMB,894.0,ISO 3166-2:ZM,.zm,ZAMBIA,Zambian Kwacha,ZMW,967.0,2
ZIMBABWE,The Republic of Zimbabwe,UN member state,ZW,ZWE,716.0,ISO 3166-2:ZW,.zw,ZIMBABWE,Zimbabwe Dollar,ZWL,932.0,2
,,,,,,,,EUROPEAN UNION,Euro,EUR,978.0,2
,,,,,,,,INTERNATIONAL MONETARY FUND (IMF) ,SDR (Special Drawing Right),XDR,960.0,N.A.
,,,,,,,,MEMBER COUNTRIES OF THE AFRICAN DEVELOPMENT BANK GROUP,ADB Unit of Account,XUA,965.0,N.A.
,,,,,,,,"SISTEMA UNITARIO DE COMPENSACION REGIONAL DE PAGOS ""SUCRE""",Sucre,XSU,994.0,N.A.
,,,,,,,,ZZ01_Bond Markets Unit European_EURCO,Bond Markets Unit European Composite Unit (EURCO),XBA,955.0,N.A.
,,,,,,,,ZZ02_Bond Markets Unit European_EMU-6,Bond Markets Unit European Monetary Unit (E.M.U.-6),XBB,956.0,N.A.
,,,,,,,,ZZ03_Bond Markets Unit European_EUA-9,Bond Markets Unit European Unit of Account 9 (E.U.A.-9),XBC,957.0,N.A.
,,,,,,,,ZZ04_Bond Markets Unit European_EUA-17,Bond Markets Unit European Unit of Account 17 (E.U.A.-17),XBD,958.0,N.A.
,,,,,,,,ZZ06_Testing_Code,Codes specifically reserved for testing purposes,XTS,963.0,N.A.
,,,,,,,,ZZ07_No_Currency,The codes assigned for transactions where no currency is involved,XXX,999.0,N.A.
,,,,,,,,ZZ08_Gold,Gold,XAU,959.0,N.A.
,,,,,,,,ZZ09_Palladium,Palladium,XPD,964.0,N.A.
,,,,,,,,ZZ10_Platinum,Platinum,XPT,962.0,N.A.
,,,,,,,,ZZ11_Silver,Silver,XAG,961.0,N.A.
