學校代碼,學校名稱,日間∕進修別,等級別,總計,男生計,女生計,一年級男生,一年級女生,二年級男生,二年級女生,三年級男生,三年級女生,四年級男生,四年級女生,五年級男生,五年級女生,六年級男生,六年級女生,七年級男生,七年級女生,延修生男生,延修生女生,縣市名稱,體系別
0001,國立政治大學,D 日,D 博士,948,537,411,88,67,81,62,86,71,79,62,71,57,71,40,61,52,-,-,30 臺北市,1 一般
0001,國立政治大學,D 日,M 碩士,"3,974","1,828","2,146",624,729,591,744,370,409,240,264,3,-,-,-,-,-,-,-,30 臺北市,1 一般
0001,國立政治大學,D 日,B 學士,"9,556","3,920","5,636",900,"1,303",920,"1,270",900,"1,313",911,"1,327",-,-,-,-,-,-,289,423,30 臺北市,1 一般
0001,國立政治大學,N 職,M 碩士,"1,632",779,853,227,294,239,214,152,191,88,89,72,65,1,-,-,-,-,-,30 臺北市,1 一般
0002,國立清華大學,D 日,D 博士,"1,663","1,192",471,248,114,193,77,205,76,174,72,112,47,95,31,165,54,-,-,18 新竹市,1 一般
0002,國立清華大學,D 日,M 碩士,"5,570","3,372","2,198","1,430",905,"1,313",731,404,292,216,222,9,26,-,21,-,1,-,-,18 新竹市,1 一般
0002,國立清華大學,D 日,B 學士,"8,888","4,883","4,005","1,267",999,"1,153","1,016","1,108",942,"1,074",865,-,-,-,-,-,-,281,183,18 新竹市,1 一般
0002,國立清華大學,D 日,X 4+X,1,1,-,-,-,-,-,-,-,-,-,-,-,-,-,-,-,1,-,18 新竹市,1 一般
0002,國立清華大學,N 職,M 碩士,"1,366",507,859,219,264,161,269,51,129,25,73,27,44,8,36,16,44,-,-,18 新竹市,1 一般
0003,國立臺灣大學,D 日,D 博士,"3,666","2,510","1,156",516,261,459,199,400,166,298,158,283,132,229,97,325,143,-,-,30 臺北市,1 一般
0003,國立臺灣大學,D 日,M 碩士,"10,720","6,451","4,269","2,695","1,691","2,399","1,529",869,592,488,457,-,-,-,-,-,-,-,-,30 臺北市,1 一般
0003,國立臺灣大學,D 日,B 學士,"16,906","9,525","7,381","2,198","1,688","2,093","1,737","2,088","1,656","2,052","1,499",197,149,173,90,-,-,724,562,30 臺北市,1 一般
0003,國立臺灣大學,N 職,M 碩士,"1,631","1,009",622,351,231,353,227,149,100,65,30,36,9,55,25,-,-,-,-,30 臺北市,1 一般
0004,國立臺灣師範大學,D 日,D 博士,"1,358",619,739,125,113,91,127,91,105,76,104,99,106,69,95,68,89,-,-,30 臺北市,3 師範
0004,國立臺灣師範大學,D 日,M 碩士,"4,359","1,873","2,486",670,890,599,725,387,512,217,359,-,-,-,-,-,-,-,-,30 臺北市,3 師範
0004,國立臺灣師範大學,D 日,B 學士,"8,313","3,723","4,590",936,"1,115",869,"1,137",843,"1,045",795,"1,019",-,-,-,-,-,-,280,274,30 臺北市,3 師範
0004,國立臺灣師範大學,N 職,M 碩士,"2,134",627,"1,507",176,473,203,449,117,259,67,171,30,85,34,70,-,-,-,-,30 臺北市,3 師範
0005,國立成功大學,D 日,D 博士,"1,872","1,267",605,267,135,231,112,229,109,178,85,139,64,115,49,108,51,-,-,21 臺南市,1 一般
0005,國立成功大學,D 日,M 碩士,"7,239","4,614","2,625","2,144","1,133","1,861","1,069",447,281,162,137,-,5,-,-,-,-,-,-,21 臺南市,1 一般
0005,國立成功大學,D 日,B 學士,"11,758","7,307","4,451","1,861","1,079","1,655","1,072","1,669","1,031","1,561",973,97,76,58,33,-,-,406,187,21 臺南市,1 一般
0005,國立成功大學,N 職,M 碩士,"1,537",947,590,312,220,276,185,214,106,91,49,47,30,6,-,1,-,-,-,21 臺南市,1 一般
0006,國立中興大學,D 日,D 博士,966,659,307,106,64,107,42,104,52,97,52,88,32,62,33,95,32,-,-,19 臺中市,1 一般
0006,國立中興大學,D 日,M 碩士,"3,477","2,053","1,424",923,623,807,560,231,162,88,77,4,2,-,-,-,-,-,-,19 臺中市,1 一般
0006,國立中興大學,D 日,B 學士,"8,069","4,599","3,470","1,140",835,"1,055",797,"1,089",884,"1,082",797,38,49,-,-,-,-,195,108,19 臺中市,1 一般
0006,國立中興大學,N 職,M 碩士,"1,706","1,111",595,410,215,325,233,183,72,105,46,88,29,-,-,-,-,-,-,19 臺中市,1 一般
0006,國立中興大學,P 進,B 學士,936,413,523,101,135,97,109,93,108,73,117,33,45,-,-,-,-,16,9,19 臺中市,1 一般
0007,國立陽明交通大學,D 日,D 博士,"2,653","1,831",822,370,177,287,151,306,153,279,106,223,93,157,61,209,81,-,-,18 新竹市,1 一般
0007,國立陽明交通大學,D 日,M 碩士,"7,547","4,783","2,764","1,905","1,118","1,721","1,030",908,444,244,161,5,10,-,1,-,-,-,-,18 新竹市,1 一般
0007,國立陽明交通大學,D 日,B 學士,"8,431","5,430","3,001","1,289",681,"1,247",697,"1,248",755,"1,093",586,154,99,163,96,6,4,230,83,18 新竹市,1 一般
0007,國立陽明交通大學,N 職,M 碩士,"1,781","1,142",639,378,243,351,220,199,92,133,39,80,44,1,1,-,-,-,-,18 新竹市,1 一般
0008,國立中央大學,D 日,D 博士,"1,007",705,302,148,60,120,48,112,45,113,45,79,43,70,31,63,30,-,-,03 桃園市,1 一般
0008,國立中央大學,D 日,M 碩士,"3,620","2,430","1,190","1,105",513,926,473,277,124,90,67,32,13,-,-,-,-,-,-,03 桃園市,1 一般
0008,國立中央大學,D 日,B 學士,"6,068","3,792","2,276",995,573,911,590,860,518,869,540,-,-,-,-,-,-,157,55,03 桃園市,1 一般
0008,國立中央大學,N 職,M 碩士,"1,433",896,537,344,227,314,204,112,66,74,16,37,19,15,5,-,-,-,-,03 桃園市,1 一般
0009,國立中山大學,D 日,D 博士,823,540,283,115,70,103,63,90,39,76,43,65,28,49,20,42,20,-,-,50 高雄市,1 一般
0009,國立中山大學,D 日,M 碩士,"3,180","1,974","1,206",870,540,718,420,273,172,110,71,3,3,-,-,-,-,-,-,50 高雄市,1 一般
0009,國立中山大學,D 日,B 學士,"4,804","2,926","1,878",737,473,696,432,650,466,680,415,-,-,-,-,-,-,163,92,50 高雄市,1 一般
0009,國立中山大學,N 職,M 碩士,"1,090",534,556,182,217,193,193,95,76,33,38,22,20,9,11,-,1,-,-,50 高雄市,1 一般
0012,國立臺灣海洋大學,D 日,D 博士,330,237,93,34,22,43,11,40,23,38,12,24,10,21,3,37,12,-,-,17 基隆市,1 一般
0012,國立臺灣海洋大學,D 日,M 碩士,"1,430",943,487,393,226,352,161,128,57,42,24,17,9,9,7,2,3,-,-,17 基隆市,1 一般
0012,國立臺灣海洋大學,D 日,B 學士,"6,072","4,156","1,916","1,036",485,983,459,949,484,926,448,-,-,-,-,-,-,262,40,17 基隆市,1 一般
0012,國立臺灣海洋大學,N 職,M 碩士,647,403,244,167,99,129,75,53,39,22,18,13,6,15,3,4,4,-,-,17 基隆市,1 一般
0012,國立臺灣海洋大學,N 修,X 4+X,1,1,-,-,-,-,-,-,-,-,-,-,-,-,-,-,-,1,-,17 基隆市,1 一般
0012,國立臺灣海洋大學,P 進,B 學士,588,378,210,128,41,126,58,56,40,47,50,-,-,-,-,-,-,21,21,17 基隆市,1 一般
0013,國立中正大學,D 日,D 博士,549,365,184,53,32,53,24,62,34,53,25,48,27,46,18,50,24,-,-,10 嘉義縣,1 一般
0013,國立中正大學,D 日,M 碩士,"2,821","1,730","1,091",695,433,671,372,243,151,115,129,6,6,-,-,-,-,-,-,10 嘉義縣,1 一般
0013,國立中正大學,D 日,B 學士,"6,414","3,483","2,931",883,729,842,735,815,691,786,713,-,-,-,-,-,-,157,63,10 嘉義縣,1 一般
0013,國立中正大學,N 職,M 碩士,"1,428",616,812,216,287,195,270,92,144,65,71,48,40,-,-,-,-,-,-,10 嘉義縣,1 一般
0014,國立高雄師範大學,D 日,D 博士,458,222,236,37,36,30,39,28,37,31,28,32,33,28,26,36,37,-,-,50 高雄市,3 師範
0014,國立高雄師範大學,D 日,M 碩士,"1,442",519,923,186,272,135,264,99,183,73,157,16,26,6,10,4,11,-,-,50 高雄市,3 師範
0014,國立高雄師範大學,D 日,B 學士,"3,793","1,874","1,919",498,467,421,488,449,457,440,450,-,-,-,-,-,-,66,57,50 高雄市,3 師範
0014,國立高雄師範大學,N 職,M 碩士,"1,454",520,934,175,341,187,275,67,160,36,66,31,49,24,43,-,-,-,-,50 高雄市,3 師範
0015,國立彰化師範大學,D 日,D 博士,506,300,206,43,39,52,26,40,33,49,27,43,31,41,26,32,24,-,-,07 彰化縣,3 師範
0015,國立彰化師範大學,D 日,M 碩士,"1,655",828,827,328,301,282,253,124,150,90,111,4,6,-,6,-,-,-,-,07 彰化縣,3 師範
0015,國立彰化師範大學,D 日,B 學士,"4,942","2,655","2,287",644,581,637,538,637,558,597,544,-,-,-,-,-,-,140,66,07 彰化縣,3 師範
0015,國立彰化師範大學,N 職,M 碩士,"1,356",568,788,206,245,199,228,57,109,44,85,29,71,33,50,-,-,-,-,07 彰化縣,3 師範
0017,國立臺北大學,D 日,D 博士,212,142,70,27,10,25,15,29,11,19,7,11,11,17,8,14,8,-,-,01 新北市,1 一般
0017,國立臺北大學,D 日,M 碩士,"1,404",710,694,272,286,257,224,118,103,62,77,1,4,-,-,-,-,-,-,01 新北市,1 一般
0017,國立臺北大學,D 日,B 學士,"5,956","2,733","3,223",713,760,652,775,631,804,591,764,-,-,-,-,-,-,146,120,01 新北市,1 一般
0017,國立臺北大學,N 職,M 碩士,595,279,316,125,121,97,117,38,43,13,22,6,13,-,-,-,-,-,-,01 新北市,1 一般
0017,國立臺北大學,P 進,B 學士,"2,069",823,"1,246",237,331,217,291,159,274,145,276,-,-,-,-,-,-,65,74,01 新北市,1 一般
0018,國立嘉義大學,D 日,D 博士,195,111,84,22,11,16,19,17,14,16,8,14,7,9,7,17,18,-,-,20 嘉義市,1 一般
0018,國立嘉義大學,D 日,M 碩士,"1,278",609,669,243,235,191,207,107,134,68,93,-,-,-,-,-,-,-,-,20 嘉義市,1 一般
0018,國立嘉義大學,D 日,B 學士,"7,516","3,825","3,691",995,970,959,873,872,892,862,871,27,23,-,-,-,-,110,62,20 嘉義市,1 一般
0018,國立嘉義大學,N 職,M 碩士,929,352,577,118,221,109,176,58,88,67,92,-,-,-,-,-,-,-,-,20 嘉義市,1 一般
0018,國立嘉義大學,P 進,B 學士,"1,887","1,184",703,313,187,270,171,268,163,240,158,-,-,-,-,-,-,93,24,20 嘉義市,1 一般
0019,國立高雄大學,D 日,D 博士,30,24,6,4,1,3,2,4,1,5,1,2,-,4,-,2,1,-,-,50 高雄市,1 一般
0019,國立高雄大學,D 日,M 碩士,656,427,229,172,97,165,71,60,31,29,29,1,1,-,-,-,-,-,-,50 高雄市,1 一般
0019,國立高雄大學,D 日,B 學士,"4,534","2,644","1,890",671,467,624,464,627,457,609,451,-,-,-,-,-,-,113,51,50 高雄市,1 一般
0019,國立高雄大學,N 職,M 碩士,550,339,211,123,82,77,54,58,33,39,17,26,18,16,7,-,-,-,-,50 高雄市,1 一般
0019,國立高雄大學,N 修,C 二技,146,76,70,-,-,-,-,25,33,26,19,-,-,-,-,-,-,25,18,50 高雄市,2 技職
0020,國立東華大學,D 日,D 博士,423,242,181,50,42,37,37,41,32,37,23,22,16,23,13,32,18,-,-,15 花蓮縣,1 一般
0020,國立東華大學,D 日,M 碩士,"1,418",719,699,281,245,207,177,120,136,87,109,14,15,10,17,-,-,-,-,15 花蓮縣,1 一般
0020,國立東華大學,D 日,B 學士,"7,847","3,689","4,158",951,"1,087",865,986,873,967,743,919,-,-,-,-,-,-,257,199,15 花蓮縣,1 一般
0020,國立東華大學,N 職,M 碩士,563,223,340,75,105,63,102,36,44,26,42,14,24,9,23,-,-,-,-,15 花蓮縣,1 一般
0021,國立暨南國際大學,D 日,D 博士,342,180,162,36,29,29,23,30,26,19,22,26,21,23,18,17,23,-,-,08 南投縣,1 一般
0021,國立暨南國際大學,D 日,M 碩士,808,353,455,148,168,103,115,56,84,41,69,4,13,1,6,-,-,-,-,08 南投縣,1 一般
0021,國立暨南國際大學,D 日,B 學士,"4,606","2,197","2,409",624,632,529,567,476,536,440,588,-,-,-,-,-,-,128,86,08 南投縣,1 一般
0021,國立暨南國際大學,N 職,M 碩士,486,174,312,69,110,50,103,22,45,14,24,7,16,12,14,-,-,-,-,08 南投縣,1 一般
0022,國立臺灣科技大學,D 日,D 博士,"1,063",803,260,199,71,180,62,160,49,87,33,66,23,58,11,53,11,-,-,30 臺北市,2 技職
0022,國立臺灣科技大學,D 日,M 碩士,"3,738","2,598","1,140","1,286",573,"1,048",462,215,80,47,24,2,1,-,-,-,-,-,-,30 臺北市,2 技職
0022,國立臺灣科技大學,D 日,B 四技,"5,583","3,918","1,665",981,418,965,418,904,402,881,369,-,-,-,-,-,-,187,58,30 臺北市,2 技職
0022,國立臺灣科技大學,D 日,C 二技,59,12,47,-,-,-,-,3,23,5,21,-,-,-,-,-,-,4,3,30 臺北市,2 技職
0022,國立臺灣科技大學,N 職,M 碩士,786,483,303,200,141,184,114,63,27,33,19,1,1,2,1,-,-,-,-,30 臺北市,2 技職
0023,國立雲林科技大學,D 日,D 博士,427,260,167,51,30,55,39,43,21,35,24,21,24,28,13,27,16,-,-,09 雲林縣,2 技職
0023,國立雲林科技大學,D 日,M 碩士,"1,955","1,223",732,555,292,464,293,154,113,50,34,-,-,-,-,-,-,-,-,09 雲林縣,2 技職
0023,國立雲林科技大學,D 日,B 四技,"6,287","3,887","2,400",988,558,993,573,897,596,848,608,-,-,-,-,-,-,161,65,09 雲林縣,2 技職
0023,國立雲林科技大學,D 日,C 二技,195,80,115,-,-,-,-,36,57,39,51,-,-,-,-,-,-,5,7,09 雲林縣,2 技職
0023,國立雲林科技大學,N 職,M 碩士,804,467,337,193,127,161,130,59,48,32,21,22,11,-,-,-,-,-,-,09 雲林縣,2 技職
0023,國立雲林科技大學,N 修,B 四技,217,96,121,37,36,23,33,16,25,15,24,-,-,-,-,-,-,5,3,09 雲林縣,2 技職
0024,國立屏東科技大學,D 日,D 博士,256,158,98,30,20,24,17,26,17,21,12,18,12,11,8,28,12,-,-,13 屏東縣,2 技職
0024,國立屏東科技大學,D 日,M 碩士,"1,094",608,486,287,224,216,169,73,59,32,27,-,4,-,3,-,-,-,-,13 屏東縣,2 技職
0024,國立屏東科技大學,D 日,B 四技,"7,640","4,117","3,523","1,060",855,972,840,922,865,930,808,41,59,-,-,-,-,192,96,13 屏東縣,2 技職
0024,國立屏東科技大學,N 職,M 碩士,282,178,104,70,45,77,39,12,11,5,9,5,-,9,-,-,-,-,-,13 屏東縣,2 技職
0024,國立屏東科技大學,N 修,B 四技,"1,415",908,507,248,122,240,120,196,124,160,111,-,-,-,-,-,-,64,30,13 屏東縣,2 技職
0025,國立臺北科技大學,D 日,D 博士,750,578,172,85,29,101,37,109,31,83,21,59,9,52,14,89,31,-,-,30 臺北市,2 技職
0025,國立臺北科技大學,D 日,M 碩士,"3,190","2,326",864,"1,023",383,"1,033",357,206,94,64,30,-,-,-,-,-,-,-,-,30 臺北市,2 技職
0025,國立臺北科技大學,D 日,B 四技,"6,236","4,418","1,818","1,094",430,"1,097",435,"1,070",452,977,433,-,-,-,-,-,-,180,68,30 臺北市,2 技職
0025,國立臺北科技大學,D 日,C 二技,22,14,8,-,-,-,-,-,-,10,6,-,-,-,-,-,-,4,2,30 臺北市,2 技職
0025,國立臺北科技大學,D 日,5 五專,121,100,21,23,3,28,4,24,8,25,6,-,-,-,-,-,-,-,-,30 臺北市,2 技職
0025,國立臺北科技大學,N 職,M 碩士,"1,604","1,100",504,362,207,403,180,150,57,92,35,52,11,41,14,-,-,-,-,30 臺北市,2 技職
0025,國立臺北科技大學,N 修,B 四技,"1,695","1,430",265,254,62,364,71,374,61,362,66,-,-,-,-,-,-,76,5,30 臺北市,2 技職
0025,國立臺北科技大學,N 修,C 二技,3,2,1,-,-,-,-,-,-,-,-,-,-,-,-,-,-,2,1,30 臺北市,2 技職
0028,國立臺北藝術大學,D 日,D 博士,109,52,57,10,11,9,7,11,10,6,12,8,4,3,6,5,7,-,-,30 臺北市,1 一般
0028,國立臺北藝術大學,D 日,M 碩士,943,320,623,95,198,88,183,66,141,71,101,-,-,-,-,-,-,-,-,30 臺北市,1 一般
0028,國立臺北藝術大學,D 日,B 學士,"1,746",643,"1,103",149,268,140,240,138,245,120,224,-,-,-,-,-,-,96,126,30 臺北市,1 一般
0028,國立臺北藝術大學,D 日,X 4+X,1,1,-,-,-,-,-,-,-,-,-,-,-,-,-,-,-,1,-,30 臺北市,1 一般
0028,國立臺北藝術大學,D 日,5 七年,84,41,43,13,15,15,15,13,13,-,-,-,-,-,-,-,-,-,-,30 臺北市,1 一般
0028,國立臺北藝術大學,N 職,M 碩士,180,53,127,15,41,13,38,17,28,5,15,3,5,-,-,-,-,-,-,30 臺北市,1 一般
0029,國立臺灣藝術大學,D 日,D 博士,150,67,83,17,15,13,21,15,13,10,17,7,8,4,5,1,4,-,-,01 新北市,1 一般
0029,國立臺灣藝術大學,D 日,M 碩士,756,279,477,91,159,82,138,61,120,45,59,-,1,-,-,-,-,-,-,01 新北市,1 一般
0029,國立臺灣藝術大學,D 日,B 學士,"2,353",684,"1,669",164,389,158,378,143,392,149,372,-,-,-,-,-,-,70,138,01 新北市,1 一般
0029,國立臺灣藝術大學,N 職,M 碩士,403,171,232,42,65,40,49,37,66,26,30,16,11,10,11,-,-,-,-,01 新北市,1 一般
0029,國立臺灣藝術大學,N 修,C 二技,355,85,270,-,-,-,-,44,103,31,122,-,-,-,-,-,-,10,45,01 新北市,2 技職
0029,國立臺灣藝術大學,P 進,B 學士,"1,597",506,"1,091",112,266,119,239,104,260,105,234,-,-,-,-,-,-,66,92,01 新北市,1 一般
0030,國立臺東大學,D 日,D 博士,43,17,26,3,3,4,3,3,4,4,5,-,2,-,4,3,5,-,-,14 臺東縣,1 一般
0030,國立臺東大學,D 日,M 碩士,399,165,234,61,92,39,65,44,46,19,24,2,6,-,1,-,-,-,-,14 臺東縣,1 一般
0030,國立臺東大學,D 日,B 學士,"3,690","1,837","1,853",470,505,445,460,427,437,396,404,-,-,-,-,-,-,99,47,14 臺東縣,1 一般
0030,國立臺東大學,N 職,M 碩士,609,174,435,66,156,59,150,20,59,12,27,6,20,5,13,6,10,-,-,14 臺東縣,1 一般
0030,國立臺東大學,N 修,C 二技,110,45,65,-,-,-,-,24,34,20,31,-,-,-,-,-,-,1,-,14 臺東縣,2 技職
0030,國立臺東大學,P 進,B 學士,289,126,163,42,59,25,55,29,28,21,11,-,-,-,-,-,-,9,10,14 臺東縣,1 一般
0031,國立宜蘭大學,D 日,D 博士,17,11,6,5,2,-,-,3,1,1,2,-,-,2,1,-,-,-,-,02 宜蘭縣,1 一般
0031,國立宜蘭大學,D 日,M 碩士,500,333,167,146,72,125,52,39,26,21,13,1,4,1,-,-,-,-,-,02 宜蘭縣,1 一般
0031,國立宜蘭大學,D 日,B 學士,"4,476","2,826","1,650",778,418,678,393,639,406,604,410,-,-,-,-,-,-,127,23,02 宜蘭縣,1 一般
0031,國立宜蘭大學,N 職,M 碩士,218,159,59,58,27,54,22,20,5,16,3,5,-,6,2,-,-,-,-,02 宜蘭縣,1 一般
0031,國立宜蘭大學,P 進,B 學士,426,272,154,65,34,58,37,60,41,64,30,-,-,-,-,-,-,25,12,02 宜蘭縣,1 一般
0032,國立聯合大學,D 日,D 博士,19,18,1,5,-,2,1,3,-,2,-,2,-,3,-,1,-,-,-,05 苗栗縣,1 一般
0032,國立聯合大學,D 日,M 碩士,407,289,118,128,56,91,39,42,13,24,7,3,3,1,-,-,-,-,-,05 苗栗縣,1 一般
0032,國立聯合大學,D 日,B 學士,"6,104","4,202","1,902","1,075",490,"1,044",479,976,431,920,453,17,17,-,-,-,-,170,32,05 苗栗縣,1 一般
0032,國立聯合大學,N 職,M 碩士,42,26,16,12,8,12,7,2,1,-,-,-,-,-,-,-,-,-,-,05 苗栗縣,1 一般
0032,國立聯合大學,P 進,B 學士,"1,083",748,335,189,76,149,62,166,80,195,79,-,-,-,-,-,-,49,38,05 苗栗縣,1 一般
0033,國立虎尾科技大學,D 日,D 博士,57,49,8,13,2,11,2,7,-,7,-,5,1,6,1,-,2,-,-,09 雲林縣,2 技職
0033,國立虎尾科技大學,D 日,M 碩士,912,747,165,390,93,279,54,63,11,15,7,-,-,-,-,-,-,-,-,09 雲林縣,2 技職
0033,國立虎尾科技大學,D 日,B 四技,"7,340","5,609","1,731","1,454",446,"1,390",439,"1,298",417,"1,276",409,-,-,-,-,-,-,191,20,09 雲林縣,2 技職
0033,國立虎尾科技大學,D 日,C 二技,235,181,54,-,-,-,-,94,28,80,26,-,-,-,-,-,-,7,-,09 雲林縣,2 技職
0033,國立虎尾科技大學,D 日,2 二專,64,60,4,34,-,17,4,-,-,-,-,-,-,-,-,-,-,9,-,09 雲林縣,2 技職
0033,國立虎尾科技大學,D 日,5 五專,238,207,31,58,11,73,9,34,4,42,7,-,-,-,-,-,-,-,-,09 雲林縣,2 技職
0033,國立虎尾科技大學,N 職,M 碩士,193,142,51,65,23,41,14,16,6,14,4,6,4,-,-,-,-,-,-,09 雲林縣,2 技職
0033,國立虎尾科技大學,N 修,B 四技,"2,200","1,791",409,546,99,401,97,429,99,331,104,-,-,-,-,-,-,84,10,09 雲林縣,2 技職
0033,國立虎尾科技大學,N 修,C 二技,169,112,57,-,-,-,-,46,33,64,21,-,-,-,-,-,-,2,3,09 雲林縣,2 技職
0035,國立臺南藝術大學,D 日,D 博士,58,25,33,8,9,5,8,3,4,4,4,2,1,2,5,1,2,-,-,11 臺南市,1 一般
0035,國立臺南藝術大學,D 日,M 碩士,548,196,352,66,100,50,96,41,69,38,85,1,1,-,1,-,-,-,-,11 臺南市,1 一般
0035,國立臺南藝術大學,D 日,B 學士,786,251,535,74,126,48,128,51,120,55,132,-,-,-,-,-,-,23,29,11 臺南市,1 一般
0035,國立臺南藝術大學,D 日,5 七年,173,77,96,24,35,30,28,23,33,-,-,-,-,-,-,-,-,-,-,11 臺南市,1 一般
0035,國立臺南藝術大學,N 職,M 碩士,51,16,35,5,11,6,9,2,6,-,1,-,3,2,2,1,3,-,-,11 臺南市,1 一般
0036,國立臺南大學,D 日,D 博士,153,64,89,9,18,12,11,8,15,6,13,9,12,6,8,14,12,-,-,21 臺南市,1 一般
0036,國立臺南大學,D 日,M 碩士,988,414,574,145,196,135,157,78,103,51,104,3,11,2,3,-,-,-,-,21 臺南市,1 一般
0036,國立臺南大學,D 日,B 學士,"3,955","1,840","2,115",463,537,443,510,439,517,424,501,-,-,-,-,-,-,71,50,21 臺南市,1 一般
0036,國立臺南大學,N 職,M 碩士,662,208,454,65,152,72,143,27,73,31,60,12,20,1,6,-,-,-,-,21 臺南市,1 一般
0036,國立臺南大學,P 進,B 學士,181,107,74,24,19,32,19,29,13,19,19,-,-,-,-,-,-,3,4,21 臺南市,1 一般
0037,國立臺北教育大學,D 日,D 博士,154,69,85,6,14,6,12,11,12,7,12,11,7,9,9,19,19,-,-,30 臺北市,3 師範
0037,國立臺北教育大學,D 日,M 碩士,"1,418",440,978,148,299,121,282,73,169,78,168,15,40,4,11,1,9,-,-,30 臺北市,3 師範
0037,國立臺北教育大學,D 日,B 學士,"3,318","1,101","2,217",273,536,278,517,241,539,253,558,-,-,-,-,-,-,56,67,30 臺北市,3 師範
0037,國立臺北教育大學,N 職,M 碩士,"1,048",262,786,109,274,80,252,33,104,20,94,5,14,15,47,-,1,-,-,30 臺北市,3 師範
0039,國立臺中教育大學,D 日,D 博士,106,40,66,5,9,6,7,6,12,4,13,4,9,8,7,7,9,-,-,19 臺中市,3 師範
0039,國立臺中教育大學,D 日,M 碩士,882,284,598,100,203,92,178,56,124,30,80,2,9,4,4,-,-,-,-,19 臺中市,3 師範
0039,國立臺中教育大學,D 日,B 學士,"3,234","1,158","2,076",306,511,272,505,271,511,246,508,-,-,-,-,-,-,63,41,19 臺中市,3 師範
0039,國立臺中教育大學,N 職,M 碩士,783,167,616,49,204,51,190,25,100,20,82,14,25,8,15,-,-,-,-,19 臺中市,3 師範
0042,國立澎湖科技大學,D 日,M 碩士,87,45,42,16,19,17,14,10,7,2,2,-,-,-,-,-,-,-,-,16 澎湖縣,2 技職
0042,國立澎湖科技大學,D 日,B 四技,"2,583","1,583","1,000",401,209,383,253,368,255,334,252,-,-,-,-,-,-,97,31,16 澎湖縣,2 技職
0042,國立澎湖科技大學,D 日,5 五專,68,65,3,35,-,11,-,9,2,10,1,-,-,-,-,-,-,-,-,16 澎湖縣,2 技職
0042,國立澎湖科技大學,N 職,M 碩士,40,26,14,9,7,15,4,2,3,-,-,-,-,-,-,-,-,-,-,16 澎湖縣,2 技職
0042,國立澎湖科技大學,N 修,B 四技,285,139,146,31,36,30,32,34,35,42,36,-,-,-,-,-,-,2,7,16 澎湖縣,2 技職
0043,國立勤益科技大學,D 日,D 博士,45,39,6,14,2,13,1,8,2,1,-,1,1,1,-,1,-,-,-,06 臺中市,2 技職
0043,國立勤益科技大學,D 日,M 碩士,618,465,153,221,76,186,59,43,15,14,3,1,-,-,-,-,-,-,-,06 臺中市,2 技職
0043,國立勤益科技大學,D 日,B 四技,"6,812","4,703","2,109","1,251",558,"1,126",504,"1,086",503,"1,062",514,-,-,-,-,-,-,178,30,06 臺中市,2 技職
0043,國立勤益科技大學,D 日,C 二技,143,108,35,-,-,-,-,56,18,25,4,-,-,-,-,-,-,27,13,06 臺中市,2 技職
0043,國立勤益科技大學,N 職,M 碩士,292,228,64,101,30,87,27,26,2,7,2,3,3,4,-,-,-,-,-,06 臺中市,2 技職
0043,國立勤益科技大學,N 修,B 四技,"3,679","3,103",576,891,154,753,133,663,122,604,136,-,-,-,-,-,-,192,31,06 臺中市,2 技職
0043,國立勤益科技大學,N 修,C 二技,445,357,88,-,-,-,-,183,45,162,40,-,-,-,-,-,-,12,3,06 臺中市,2 技職
0043,國立勤益科技大學,N 修,2 二專,408,295,113,114,47,124,54,-,-,-,-,-,-,-,-,-,-,57,12,06 臺中市,2 技職
0044,國立體育大學,D 日,D 博士,153,105,48,15,10,17,8,23,7,15,2,9,8,12,6,14,7,-,-,03 桃園市,1 一般
0044,國立體育大學,D 日,M 碩士,339,189,150,71,63,59,50,32,24,27,13,-,-,-,-,-,-,-,-,03 桃園市,1 一般
0044,國立體育大學,D 日,B 學士,"1,822","1,152",670,302,176,269,171,246,146,250,152,-,-,-,-,-,-,85,25,03 桃園市,1 一般
0044,國立體育大學,N 職,M 碩士,236,141,95,45,38,34,36,30,10,18,7,6,1,8,3,-,-,-,-,03 桃園市,1 一般
0044,國立體育大學,N 修,C 二年制,93,58,35,-,-,-,-,36,17,19,14,-,-,-,-,-,-,3,4,03 桃園市,1 一般
0046,國立臺北護理健康大學,D 日,D 博士,77,8,69,1,13,2,16,1,11,1,14,3,8,-,2,-,5,-,-,30 臺北市,2 技職
0046,國立臺北護理健康大學,D 日,M 碩士,559,94,465,34,150,31,141,14,97,15,77,-,-,-,-,-,-,-,-,30 臺北市,2 技職
0046,國立臺北護理健康大學,D 日,B 四技,"2,837",756,"2,081",181,532,195,525,167,475,178,468,-,-,-,-,-,-,35,81,30 臺北市,2 技職
0046,國立臺北護理健康大學,D 日,C 二技,948,87,861,-,-,-,-,46,412,38,431,-,-,-,-,-,-,3,18,30 臺北市,2 技職
0046,國立臺北護理健康大學,N 職,M 碩士,205,27,178,10,58,9,54,6,45,2,21,-,-,-,-,-,-,-,-,30 臺北市,2 技職
0046,國立臺北護理健康大學,N 修,C 二技,739,32,707,-,-,-,-,9,245,12,233,10,214,-,-,-,-,1,15,30 臺北市,2 技職
0047,國立高雄餐旅大學,D 日,D 博士,32,16,16,3,4,4,2,4,4,2,3,1,1,1,-,1,2,-,-,50 高雄市,2 技職
0047,國立高雄餐旅大學,D 日,M 碩士,168,58,110,28,47,21,39,6,14,2,7,1,3,-,-,-,-,-,-,50 高雄市,2 技職
0047,國立高雄餐旅大學,D 日,B 四技,"3,033",983,"2,050",256,490,245,507,225,507,243,532,-,-,-,-,-,-,14,14,50 高雄市,2 技職
0047,國立高雄餐旅大學,D 日,C 二技,73,18,55,-,-,-,-,8,19,10,35,-,-,-,-,-,-,-,1,50 高雄市,2 技職
0047,國立高雄餐旅大學,D 日,5 五專,249,97,152,17,32,17,34,22,28,22,26,17,28,-,-,-,-,2,4,50 高雄市,2 技職
0047,國立高雄餐旅大學,N 職,M 碩士,36,15,21,5,8,7,9,2,2,1,1,-,1,-,-,-,-,-,-,50 高雄市,2 技職
0047,國立高雄餐旅大學,N 修,B 四技,"1,010",361,649,110,162,80,138,78,146,87,192,-,-,-,-,-,-,6,11,50 高雄市,2 技職
0047,國立高雄餐旅大學,N 修,C 二技,197,49,148,-,-,-,-,23,56,24,89,-,-,-,-,-,-,2,3,50 高雄市,2 技職
0048,國立金門大學,D 日,M 碩士,200,112,88,61,42,34,32,13,9,4,5,-,-,-,-,-,-,-,-,71 金門縣,1 一般
0048,國立金門大學,D 日,B 學士,"3,074","1,623","1,451",444,398,416,324,356,348,323,341,18,14,-,-,-,-,66,26,71 金門縣,1 一般
0048,國立金門大學,N 職,M 碩士,112,74,38,27,21,23,15,11,1,13,1,-,-,-,-,-,-,-,-,71 金門縣,1 一般
0048,國立金門大學,P 進,B 學士,829,467,362,128,95,89,89,110,72,99,90,-,-,-,-,-,-,41,16,71 金門縣,1 一般
0049,國立臺灣體育運動大學,D 日,D 博士,13,5,8,2,3,3,5,-,-,-,-,-,-,-,-,-,-,-,-,19 臺中市,1 一般
0049,國立臺灣體育運動大學,D 日,M 碩士,260,133,127,42,44,38,34,29,23,20,25,2,-,1,-,1,1,-,-,19 臺中市,1 一般
0049,國立臺灣體育運動大學,D 日,B 學士,"2,346","1,349",997,364,211,317,251,298,232,280,244,-,-,-,-,-,-,90,59,19 臺中市,1 一般
0049,國立臺灣體育運動大學,N 職,M 碩士,114,72,42,28,14,24,14,14,7,5,3,1,2,-,2,-,-,-,-,19 臺中市,1 一般
0049,國立臺灣體育運動大學,P 進,B 學士,388,273,115,73,30,64,22,57,22,49,28,-,-,-,-,-,-,30,13,19 臺中市,1 一般
0050,國立臺中科技大學,D 日,M 碩士,430,178,252,80,110,65,98,24,30,9,14,-,-,-,-,-,-,-,-,19 臺中市,2 技職
0050,國立臺中科技大學,D 日,B 四技,"5,424","1,740","3,684",498,932,413,918,394,868,374,889,-,-,-,-,-,-,61,77,19 臺中市,2 技職
0050,國立臺中科技大學,D 日,C 二技,"1,346",282,"1,064",-,-,-,-,135,503,137,533,-,-,-,-,-,-,10,28,19 臺中市,2 技職
0050,國立臺中科技大學,D 日,5 五專,"3,564",966,"2,598",215,512,211,551,211,536,163,499,141,445,-,-,-,-,25,55,19 臺中市,2 技職
0050,國立臺中科技大學,N 職,M 碩士,244,102,142,49,73,35,54,12,10,6,5,-,-,-,-,-,-,-,-,19 臺中市,2 技職
0050,國立臺中科技大學,N 修,B 四技,"2,179",763,"1,416",228,345,170,310,166,332,147,351,-,-,-,-,-,-,52,78,19 臺中市,2 技職
0050,國立臺中科技大學,N 修,C 二技,"1,808",594,"1,214",-,-,-,-,274,628,275,516,-,-,-,-,-,-,45,70,19 臺中市,2 技職
0050,國立臺中科技大學,N 修,2 二專,"1,196",456,740,222,361,188,324,-,-,-,-,-,-,-,-,-,-,46,55,19 臺中市,2 技職
0051,國立臺北商業大學,D 日,D 博士,8,7,1,3,-,2,1,2,-,-,-,-,-,-,-,-,-,-,-,30 臺北市,2 技職
0051,國立臺北商業大學,D 日,M 碩士,301,129,172,51,77,69,87,5,8,4,-,-,-,-,-,-,-,-,-,30 臺北市,2 技職
0051,國立臺北商業大學,D 日,B 四技,"2,461",786,"1,675",205,400,185,408,203,431,177,394,-,-,-,-,-,-,16,42,30 臺北市,2 技職
0051,國立臺北商業大學,D 日,C 二技,645,138,507,-,-,-,-,61,239,67,260,-,-,-,-,-,-,10,8,30 臺北市,2 技職
0051,國立臺北商業大學,D 日,5 五專,"1,704",482,"1,222",93,224,94,255,94,251,106,218,84,247,-,-,-,-,11,27,30 臺北市,2 技職
0051,國立臺北商業大學,N 職,M 碩士,68,28,40,14,21,10,15,4,4,-,-,-,-,-,-,-,-,-,-,30 臺北市,2 技職
0051,國立臺北商業大學,N 修,B 四技,907,327,580,101,159,95,148,68,137,52,113,-,-,-,-,-,-,11,23,30 臺北市,2 技職
0051,國立臺北商業大學,N 修,C 二技,903,308,595,-,-,-,-,149,276,143,297,-,-,-,-,-,-,16,22,30 臺北市,2 技職
0051,國立臺北商業大學,N 修,2 二專,493,159,334,83,173,76,161,-,-,-,-,-,-,-,-,-,-,-,-,30 臺北市,2 技職
0052,國立屏東大學,D 日,D 博士,47,24,23,4,6,7,3,3,5,3,4,2,3,3,1,2,1,-,-,13 屏東縣,1 一般
0052,國立屏東大學,D 日,M 碩士,910,340,570,144,219,113,174,37,108,46,66,-,3,-,-,-,-,-,-,13 屏東縣,1 一般
0052,國立屏東大學,D 日,B 學士,"6,630","2,786","3,844",739,933,681,917,649,916,609,971,-,-,-,-,-,-,108,107,13 屏東縣,1 一般
0052,國立屏東大學,N 職,M 碩士,727,227,500,74,165,69,136,34,101,30,49,16,38,4,10,-,1,-,-,13 屏東縣,1 一般
0052,國立屏東大學,P 進,B 學士,823,388,435,99,109,102,127,68,93,78,80,-,-,-,-,-,-,41,26,13 屏東縣,1 一般
0053,國立高雄科技大學,D 日,D 博士,621,465,156,110,52,79,26,79,30,64,16,55,7,25,12,53,13,-,-,50 高雄市,2 技職
0053,國立高雄科技大學,D 日,M 碩士,"2,530","1,722",808,803,428,711,279,138,62,69,39,-,-,1,-,-,-,-,-,50 高雄市,2 技職
0053,國立高雄科技大學,D 日,B 四技,"17,453","10,790","6,663","2,702","1,728","2,708","1,660","2,461","1,604","2,523","1,518",-,-,-,-,-,-,396,153,50 高雄市,2 技職
0053,國立高雄科技大學,D 日,C 二技,439,269,170,-,-,-,-,123,82,105,71,-,-,-,-,-,-,41,17,50 高雄市,2 技職
0053,國立高雄科技大學,D 日,5 五專,798,650,148,129,30,109,34,140,33,175,33,75,17,-,-,-,-,22,1,50 高雄市,2 技職
0053,國立高雄科技大學,N 職,M 碩士,"2,010","1,290",720,489,330,454,282,167,63,87,23,50,9,43,13,-,-,-,-,50 高雄市,2 技職
0053,國立高雄科技大學,N 修,B 四技,"3,938","2,640","1,298",630,309,597,302,605,313,563,306,-,-,-,-,-,-,245,68,50 高雄市,2 技職
0053,國立高雄科技大學,N 修,C 二技,113,69,44,-,-,-,-,34,24,29,17,-,-,-,-,-,-,6,3,50 高雄市,2 技職
0144,國立臺灣戲曲學院,D 日,B 四技,539,186,353,49,84,51,83,33,87,44,82,-,-,-,-,-,-,9,17,30 臺北市,2 技職
0144,國立臺灣戲曲學院,N 修,B 四技,2,1,1,-,-,-,-,-,-,-,-,-,-,-,-,-,-,1,1,30 臺北市,2 技職
0221,國立臺南護理專科學校,D 日,2 二專,99,7,92,1,37,6,52,-,-,-,-,-,-,-,-,-,-,-,3,21 臺南市,2 技職
0221,國立臺南護理專科學校,D 日,5 五專,"1,804",163,"1,641",32,340,36,335,33,319,31,317,29,321,-,-,-,-,2,9,21 臺南市,2 技職
0221,國立臺南護理專科學校,N 修,2 二專,23,6,17,6,17,-,-,-,-,-,-,-,-,-,-,-,-,-,-,21 臺南市,2 技職
0222,國立臺東專科學校,D 日,2 二專,573,407,166,184,86,216,77,-,-,-,-,-,-,-,-,-,-,7,3,14 臺東縣,2 技職
0222,國立臺東專科學校,D 日,5 五專,266,127,139,25,14,21,17,31,23,16,28,24,44,-,-,-,-,10,13,14 臺東縣,2 技職
0222,國立臺東專科學校,N 修,2 二專,116,65,51,24,28,36,21,-,-,-,-,-,-,-,-,-,-,5,2,14 臺東縣,2 技職
1001,東海大學,D 日,D 博士,253,152,101,29,13,18,10,21,23,24,14,24,12,15,8,21,21,-,-,19 臺中市,1 一般
1001,東海大學,D 日,M 碩士,"1,300",631,669,220,271,208,184,93,125,100,80,2,5,8,4,-,-,-,-,19 臺中市,1 一般
1001,東海大學,D 日,B 學士,"13,147","5,830","7,317","1,529","1,793","1,405","1,764","1,242","1,788","1,315","1,736",9,18,-,-,-,-,330,218,19 臺中市,1 一般
1001,東海大學,N 職,M 碩士,763,380,383,129,138,112,119,53,63,37,31,25,19,24,13,-,-,-,-,19 臺中市,1 一般
1001,東海大學,P 進,B 學士,404,209,195,21,27,34,32,31,31,52,47,34,44,-,-,-,-,37,14,19 臺中市,1 一般
1002,輔仁大學,D 日,D 博士,427,228,199,39,34,35,25,40,35,30,27,32,29,21,24,31,25,-,-,01 新北市,1 一般
1002,輔仁大學,D 日,M 碩士,"1,969",799,"1,170",300,458,232,340,155,232,105,133,5,6,2,1,-,-,-,-,01 新北市,1 一般
1002,輔仁大學,D 日,B 學士,"17,751","7,282","10,469","1,794","2,510","1,655","2,682","1,715","2,461","1,604","2,456",38,13,35,17,-,-,441,330,01 新北市,1 一般
1002,輔仁大學,N 職,M 碩士,"1,492",553,939,214,325,166,307,81,147,42,75,25,51,25,34,-,-,-,-,01 新北市,1 一般
1002,輔仁大學,N 修,C 二技,58,2,56,-,-,-,-,1,36,-,20,-,-,-,-,-,-,1,-,01 新北市,2 技職
1002,輔仁大學,P 進,B 學士,"4,063","1,565","2,498",430,613,362,560,330,575,290,540,-,-,-,-,-,-,153,210,01 新北市,1 一般
1003,東吳大學,D 日,D 博士,127,70,57,9,9,9,6,12,12,4,6,13,8,14,11,9,5,-,-,30 臺北市,1 一般
1003,東吳大學,D 日,M 碩士,"1,317",587,730,191,246,185,185,96,145,111,147,4,7,-,-,-,-,-,-,30 臺北市,1 一般
1003,東吳大學,D 日,B 學士,"11,851","4,621","7,230","1,095","1,745","1,072","1,709","1,046","1,732","1,024","1,603",98,142,-,-,-,-,286,299,30 臺北市,1 一般
1003,東吳大學,N 職,M 碩士,"1,209",567,642,146,190,140,157,100,109,62,86,69,41,50,59,-,-,-,-,30 臺北市,1 一般
1003,東吳大學,P 進,B 學士,954,358,596,62,82,85,143,76,142,73,127,42,81,-,-,-,-,20,21,30 臺北市,1 一般
1004,中原大學,D 日,D 博士,353,244,109,51,24,36,21,46,20,45,22,17,8,24,8,25,6,-,-,03 桃園市,1 一般
1004,中原大學,D 日,M 碩士,"1,612",937,675,405,281,348,215,107,95,69,68,7,13,1,3,-,-,-,-,03 桃園市,1 一般
1004,中原大學,D 日,B 學士,"13,658","7,180","6,478","1,686","1,630","1,633","1,530","1,616","1,511","1,626","1,471",82,80,-,-,-,-,537,256,03 桃園市,1 一般
1004,中原大學,N 職,M 碩士,906,528,378,207,151,160,141,49,37,30,16,47,19,33,11,2,3,-,-,03 桃園市,1 一般
1005,淡江大學,D 日,D 博士,374,257,117,47,24,38,17,41,18,33,19,36,11,35,17,27,11,-,-,01 新北市,1 一般
1005,淡江大學,D 日,M 碩士,"1,528",843,685,368,294,309,220,110,90,56,81,-,-,-,-,-,-,-,-,01 新北市,1 一般
1005,淡江大學,D 日,B 學士,"20,763","10,875","9,888","2,676","2,391","2,625","2,349","2,491","2,427","2,351","2,348",37,26,-,-,-,-,695,347,01 新北市,1 一般
1005,淡江大學,N 職,M 碩士,723,376,347,122,141,135,121,48,29,37,27,24,16,10,13,-,-,-,-,01 新北市,1 一般
1005,淡江大學,P 進,B 學士,"1,146",661,485,130,94,150,92,146,118,157,133,-,-,-,-,-,-,78,48,01 新北市,1 一般
1006,中國文化大學,D 日,D 博士,505,315,190,33,33,30,21,42,22,38,17,28,24,48,18,96,55,-,-,30 臺北市,1 一般
1006,中國文化大學,D 日,M 碩士,"1,582",838,744,208,232,180,173,142,119,117,93,87,79,104,48,-,-,-,-,30 臺北市,1 一般
1006,中國文化大學,D 日,B 學士,"20,203","10,196","10,007","2,352","2,210","2,298","2,271","2,083","2,261","2,018","2,260",28,20,-,-,-,-,"1,417",985,30 臺北市,1 一般
1006,中國文化大學,N 職,M 碩士,616,232,384,49,127,49,90,33,46,37,37,28,41,36,43,-,-,-,-,30 臺北市,1 一般
1006,中國文化大學,N 修,C 二技,159,60,99,-,-,-,-,23,40,28,45,7,13,-,-,-,-,2,1,30 臺北市,2 技職
1006,中國文化大學,P 進,B 學士,"1,438",607,831,149,192,100,157,142,197,108,174,-,-,-,-,-,-,108,111,30 臺北市,1 一般
1007,逢甲大學,D 日,D 博士,417,300,117,59,24,53,24,45,14,40,19,38,11,30,9,35,16,-,-,19 臺中市,1 一般
1007,逢甲大學,D 日,M 碩士,"1,647","1,078",569,528,321,395,184,96,32,57,32,1,-,1,-,-,-,-,-,19 臺中市,1 一般
1007,逢甲大學,D 日,B 學士,"17,321","10,121","7,200","2,388","1,778","2,354","1,802","2,427","1,764","2,366","1,689",58,41,-,-,-,-,528,126,19 臺中市,1 一般
1007,逢甲大學,N 職,M 碩士,"1,122",669,453,264,188,221,188,69,40,51,8,35,19,29,10,-,-,-,-,19 臺中市,1 一般
1007,逢甲大學,P 進,B 學士,886,526,360,115,76,119,91,117,81,111,85,-,-,-,-,-,-,64,27,19 臺中市,1 一般
1008,靜宜大學,D 日,D 博士,50,22,28,6,6,2,6,3,6,3,5,2,2,5,2,1,1,-,-,06 臺中市,1 一般
1008,靜宜大學,D 日,M 碩士,652,250,402,98,163,67,122,56,70,25,46,1,-,3,1,-,-,-,-,06 臺中市,1 一般
1008,靜宜大學,D 日,B 學士,"11,138","4,339","6,799","1,068","1,608","1,053","1,667",910,"1,651",928,"1,569",-,-,-,-,-,-,380,304,06 臺中市,1 一般
1008,靜宜大學,N 職,M 碩士,333,157,176,42,56,59,50,21,24,11,22,13,11,10,8,1,5,-,-,06 臺中市,1 一般
1009,長庚大學,D 日,D 博士,443,292,151,50,29,35,22,44,17,36,22,33,15,32,12,62,34,-,-,03 桃園市,1 一般
1009,長庚大學,D 日,M 碩士,"1,062",510,552,211,227,179,175,83,84,31,46,3,14,3,6,-,-,-,-,03 桃園市,1 一般
1009,長庚大學,D 日,B 學士,"5,236","2,553","2,683",573,670,590,578,537,633,546,565,103,66,82,76,25,19,97,76,03 桃園市,1 一般
1009,長庚大學,N 職,M 碩士,189,94,95,36,48,29,39,14,4,5,3,8,1,2,-,-,-,-,-,03 桃園市,1 一般
1010,元智大學,D 日,D 博士,261,196,65,40,12,29,9,32,13,35,10,26,11,14,4,20,6,-,-,03 桃園市,1 一般
1010,元智大學,D 日,M 碩士,770,476,294,210,148,159,94,67,33,39,17,1,2,-,-,-,-,-,-,03 桃園市,1 一般
1010,元智大學,D 日,B 學士,"7,165","4,012","3,153","1,014",842,983,755,891,739,891,711,-,-,-,-,-,-,233,106,03 桃園市,1 一般
1010,元智大學,N 職,M 碩士,603,390,213,131,83,105,66,63,22,41,23,16,8,30,10,4,1,-,-,03 桃園市,1 一般
1011,中華大學,D 日,D 博士,76,55,21,11,3,12,5,11,4,9,3,3,2,2,2,7,2,-,-,18 新竹市,1 一般
1011,中華大學,D 日,M 碩士,285,183,102,106,56,39,23,24,18,13,5,1,-,-,-,-,-,-,-,18 新竹市,1 一般
1011,中華大學,D 日,B 學士,"4,113","2,725","1,388",686,324,607,316,577,295,658,375,19,7,-,-,-,-,178,71,18 新竹市,1 一般
1011,中華大學,N 職,M 碩士,155,89,66,48,33,23,28,12,2,6,3,-,-,-,-,-,-,-,-,18 新竹市,1 一般
1011,中華大學,N 修,C 二技,243,171,72,-,-,-,-,13,6,156,65,-,-,-,-,-,-,2,1,18 新竹市,2 技職
1011,中華大學,P 進,B 學士,173,117,56,52,21,21,16,15,7,21,5,-,-,-,-,-,-,8,7,18 新竹市,1 一般
1012,大葉大學,D 日,D 博士,115,83,32,11,13,15,6,17,4,12,3,10,1,13,2,5,3,-,-,07 彰化縣,1 一般
1012,大葉大學,D 日,M 碩士,392,236,156,115,79,60,34,35,27,25,15,1,1,-,-,-,-,-,-,07 彰化縣,1 一般
1012,大葉大學,D 日,B 學士,"5,638","3,018","2,620",615,543,688,595,725,644,783,753,-,-,-,-,-,-,207,85,07 彰化縣,1 一般
1012,大葉大學,N 職,M 碩士,216,82,134,49,72,14,34,7,12,2,7,3,3,7,6,-,-,-,-,07 彰化縣,1 一般
1012,大葉大學,N 修,C 二技,74,1,73,-,-,-,-,-,23,1,26,-,-,-,-,-,-,-,24,07 彰化縣,2 技職
1012,大葉大學,P 進,B 學士,340,214,126,43,25,46,16,42,27,64,53,-,-,-,-,-,-,19,5,07 彰化縣,1 一般
1013,華梵大學,D 日,D 博士,65,31,34,2,9,5,5,5,5,5,4,5,3,6,3,3,5,-,-,01 新北市,1 一般
1013,華梵大學,D 日,M 碩士,167,74,93,25,34,23,19,12,25,14,15,-,-,-,-,-,-,-,-,01 新北市,1 一般
1013,華梵大學,D 日,B 學士,668,347,321,83,100,66,65,52,40,105,98,-,-,-,-,-,-,41,18,01 新北市,1 一般
1013,華梵大學,N 職,M 碩士,190,79,111,34,60,15,28,23,16,4,2,2,-,1,5,-,-,-,-,01 新北市,1 一般
1014,義守大學,D 日,D 博士,155,107,48,16,5,21,8,15,13,16,7,13,7,15,3,11,5,-,-,12 高雄市,1 一般
1014,義守大學,D 日,M 碩士,360,200,160,84,71,75,46,31,30,10,13,-,-,-,-,-,-,-,-,12 高雄市,1 一般
1014,義守大學,D 日,B 學士,"12,061","6,091","5,970","1,467","1,487","1,462","1,460","1,462","1,377","1,287","1,408",22,29,-,-,-,-,391,209,12 高雄市,1 一般
1014,義守大學,N 職,M 碩士,342,221,121,95,65,74,41,18,7,17,3,13,4,4,1,-,-,-,-,12 高雄市,1 一般
1014,義守大學,N 修,C 二技,164,28,136,-,-,-,-,13,70,12,59,-,-,-,-,-,-,3,7,12 高雄市,2 技職
1014,義守大學,P 進,B 學士,877,637,240,206,57,75,30,111,68,167,58,-,-,-,-,-,-,78,27,12 高雄市,1 一般
1015,世新大學,D 日,D 博士,87,45,42,9,6,8,10,7,7,7,9,5,4,3,2,6,4,-,-,30 臺北市,1 一般
1015,世新大學,D 日,M 碩士,582,273,309,115,149,80,80,36,48,42,31,-,1,-,-,-,-,-,-,30 臺北市,1 一般
1015,世新大學,D 日,B 學士,"9,517","3,421","6,096",863,"1,479",813,"1,454",819,"1,485",760,"1,490",-,-,-,-,-,-,166,188,30 臺北市,1 一般
1015,世新大學,N 職,M 碩士,656,337,319,103,107,70,76,53,50,40,29,31,37,40,20,-,-,-,-,30 臺北市,1 一般
1015,世新大學,P 進,B 學士,592,218,374,76,139,40,59,36,73,54,83,-,-,-,-,-,-,12,20,30 臺北市,1 一般
1016,銘傳大學,D 日,D 博士,69,33,36,6,5,4,3,8,7,2,9,3,5,7,3,3,4,-,-,30 臺北市,1 一般
1016,銘傳大學,D 日,M 碩士,765,329,436,132,191,108,132,45,64,44,49,-,-,-,-,-,-,-,-,30 臺北市,1 一般
1016,銘傳大學,D 日,B 學士,"17,355","6,893","10,462","1,732","2,529","1,530","2,542","1,572","2,530","1,537","2,440",26,27,-,-,-,-,496,394,30 臺北市,1 一般
1016,銘傳大學,N 職,M 碩士,781,343,438,107,160,109,155,40,46,39,33,25,32,23,12,-,-,-,-,30 臺北市,1 一般
1017,實踐大學,D 日,D 博士,32,13,19,3,-,1,3,2,8,2,2,4,3,-,3,1,-,-,-,30 臺北市,1 一般
1017,實踐大學,D 日,M 碩士,383,170,213,61,71,38,66,40,44,29,31,2,1,-,-,-,-,-,-,30 臺北市,1 一般
1017,實踐大學,D 日,B 學士,"10,582","3,452","7,130",859,"1,674",843,"1,705",754,"1,728",691,"1,665",12,24,-,-,-,-,293,334,30 臺北市,1 一般
1017,實踐大學,N 職,M 碩士,117,42,75,12,23,14,25,8,13,7,13,1,1,-,-,-,-,-,-,30 臺北市,1 一般
1017,實踐大學,N 修,C 二技,98,25,73,-,-,-,-,10,28,13,35,-,-,-,-,-,-,2,10,30 臺北市,2 技職
1017,實踐大學,P 進,B 學士,"1,682",542,"1,140",78,207,132,270,139,306,139,265,-,-,-,-,-,-,54,92,30 臺北市,1 一般
1018,朝陽科技大學,D 日,D 博士,110,72,38,17,8,11,7,18,11,7,7,6,1,6,2,7,2,-,-,06 臺中市,2 技職
1018,朝陽科技大學,D 日,M 碩士,613,321,292,141,109,97,82,50,49,24,29,8,18,-,2,1,3,-,-,06 臺中市,2 技職
1018,朝陽科技大學,D 日,B 四技,"11,467","4,970","6,497","1,282","1,598","1,134","1,556","1,139","1,557","1,137","1,627",-,-,-,-,-,-,278,159,06 臺中市,2 技職
1018,朝陽科技大學,D 日,C 二技,55,19,36,-,-,-,-,12,9,6,26,-,-,-,-,-,-,1,1,06 臺中市,2 技職
1018,朝陽科技大學,N 職,M 碩士,339,152,187,39,49,39,52,17,18,18,24,16,12,16,22,7,10,-,-,06 臺中市,2 技職
1018,朝陽科技大學,N 修,B 四技,"2,071","1,051","1,020",177,182,204,203,262,275,327,286,-,-,-,-,-,-,81,74,06 臺中市,2 技職
1019,高雄醫學大學,D 日,D 博士,319,151,168,36,33,27,31,28,33,20,27,16,20,12,14,12,10,-,-,50 高雄市,1 一般
1019,高雄醫學大學,D 日,M 碩士,754,233,521,112,190,82,201,28,84,11,45,-,1,-,-,-,-,-,-,50 高雄市,1 一般
1019,高雄醫學大學,D 日,B 學士,"5,247","2,199","3,048",516,713,454,741,465,672,442,691,134,97,143,94,-,-,45,40,50 高雄市,1 一般
1019,高雄醫學大學,N 職,M 碩士,208,87,121,37,59,30,41,8,10,7,9,5,2,-,-,-,-,-,-,50 高雄市,1 一般
1020,南華大學,D 日,D 博士,54,33,21,6,3,7,3,6,4,6,4,5,4,2,1,1,2,-,-,10 嘉義縣,1 一般
1020,南華大學,D 日,M 碩士,552,219,333,95,142,65,91,30,65,27,35,2,-,-,-,-,-,-,-,10 嘉義縣,1 一般
1020,南華大學,D 日,B 學士,"4,199","1,986","2,213",469,539,454,534,458,543,463,539,-,-,-,-,-,-,142,58,10 嘉義縣,1 一般
1020,南華大學,N 職,M 碩士,370,140,230,68,78,31,62,17,49,14,29,10,12,-,-,-,-,-,-,10 嘉義縣,1 一般
1020,南華大學,P 進,B 學士,297,182,115,49,46,41,26,48,21,33,18,-,-,-,-,-,-,11,4,10 嘉義縣,1 一般
1021,真理大學,D 日,M 碩士,118,69,49,23,20,18,14,16,11,12,4,-,-,-,-,-,-,-,-,01 新北市,1 一般
1021,真理大學,D 日,B 學士,"4,861","2,404","2,457",544,539,680,607,538,558,481,654,-,-,-,-,-,-,161,99,01 新北市,1 一般
1021,真理大學,N 職,M 碩士,20,8,12,2,4,2,4,1,3,2,1,1,-,-,-,-,-,-,-,01 新北市,1 一般
1021,真理大學,P 進,B 學士,11,8,3,-,-,-,-,-,-,5,-,-,-,-,-,-,-,3,3,01 新北市,1 一般
1022,大同大學,D 日,D 博士,94,61,33,16,5,10,3,11,7,5,10,9,2,4,3,6,3,-,-,30 臺北市,1 一般
1022,大同大學,D 日,M 碩士,221,149,72,67,30,42,34,26,5,14,3,-,-,-,-,-,-,-,-,30 臺北市,1 一般
1022,大同大學,D 日,B 學士,"3,525","2,176","1,349",542,359,547,318,517,309,453,325,-,-,-,-,-,-,117,38,30 臺北市,1 一般
1022,大同大學,N 職,M 碩士,140,114,26,41,6,13,5,22,4,21,5,17,6,-,-,-,-,-,-,30 臺北市,1 一般
1023,南臺科技大學,D 日,D 博士,93,63,30,12,10,9,4,10,5,12,5,7,5,5,1,8,-,-,-,11 臺南市,2 技職
1023,南臺科技大學,D 日,M 碩士,753,428,325,201,128,123,105,60,43,28,29,10,10,6,10,-,-,-,-,11 臺南市,2 技職
1023,南臺科技大學,D 日,B 四技,"12,285","7,069","5,216","1,664","1,245","1,710","1,203","1,724","1,287","1,593","1,322",-,-,-,-,-,-,378,159,11 臺南市,2 技職
1023,南臺科技大學,D 日,C 二技,118,14,104,-,-,-,-,5,50,9,54,-,-,-,-,-,-,-,-,11 臺南市,2 技職
1023,南臺科技大學,D 日,5 五專,316,285,31,76,7,78,13,64,6,67,4,-,-,-,-,-,-,-,1,11 臺南市,2 技職
1023,南臺科技大學,N 職,M 碩士,311,153,158,54,58,51,62,18,16,9,14,12,5,9,3,-,-,-,-,11 臺南市,2 技職
1023,南臺科技大學,N 修,B 四技,"3,193","2,070","1,123",365,183,401,208,521,299,538,326,-,-,-,-,-,-,245,107,11 臺南市,2 技職
1023,南臺科技大學,N 修,C 二技,153,54,99,-,-,-,-,21,46,27,47,-,-,-,-,-,-,6,6,11 臺南市,2 技職
1024,崑山科技大學,D 日,D 博士,32,26,6,5,1,5,-,5,3,6,1,3,1,-,-,2,-,-,-,11 臺南市,2 技職
1024,崑山科技大學,D 日,M 碩士,299,179,120,97,61,65,46,8,5,9,8,-,-,-,-,-,-,-,-,11 臺南市,2 技職
1024,崑山科技大學,D 日,B 四技,"6,756","4,136","2,620",988,572,852,576,"1,053",673,996,698,-,-,-,-,-,-,247,101,11 臺南市,2 技職
1024,崑山科技大學,D 日,C 二技,49,23,26,-,-,-,-,23,26,-,-,-,-,-,-,-,-,-,-,11 臺南市,2 技職
1024,崑山科技大學,N 職,M 碩士,146,94,52,42,28,40,19,8,4,4,1,-,-,-,-,-,-,-,-,11 臺南市,2 技職
1024,崑山科技大學,N 修,B 四技,"2,384","1,625",759,394,171,322,162,380,186,406,183,-,-,-,-,-,-,123,57,11 臺南市,2 技職
1024,崑山科技大學,N 修,C 二技,291,163,128,-,-,-,-,93,63,67,62,-,-,-,-,-,-,3,3,11 臺南市,2 技職
1024,崑山科技大學,N 修,2 二專,13,7,6,-,-,4,5,-,-,-,-,-,-,-,-,-,-,3,1,11 臺南市,2 技職
1025,嘉南藥理大學,D 日,M 碩士,174,82,92,31,41,34,43,9,6,8,2,-,-,-,-,-,-,-,-,11 臺南市,2 技職
1025,嘉南藥理大學,D 日,B 四技,"9,010","3,815","5,195",898,"1,205",896,"1,169",976,"1,364",897,"1,361",-,-,-,-,-,-,148,96,11 臺南市,2 技職
1025,嘉南藥理大學,D 日,C 二技,94,4,90,-,-,-,-,-,48,4,41,-,-,-,-,-,-,-,1,11 臺南市,2 技職
1025,嘉南藥理大學,N 職,M 碩士,198,85,113,36,52,35,44,10,14,4,1,-,1,-,1,-,-,-,-,11 臺南市,2 技職
1025,嘉南藥理大學,N 修,B 四技,"1,461",740,721,165,142,151,132,170,186,199,229,-,-,-,-,-,-,55,32,11 臺南市,2 技職
1025,嘉南藥理大學,N 修,C 二技,521,78,443,-,-,-,-,44,239,28,202,-,-,-,-,-,-,6,2,11 臺南市,2 技職
1026,樹德科技大學,D 日,D 博士,32,13,19,3,3,-,2,1,2,3,-,6,12,-,-,-,-,-,-,12 高雄市,2 技職
1026,樹德科技大學,D 日,M 碩士,214,89,125,40,55,23,35,11,12,15,23,-,-,-,-,-,-,-,-,12 高雄市,2 技職
1026,樹德科技大學,D 日,B 四技,"7,383","3,226","4,157",791,983,694,905,756,"1,034",790,"1,107",-,-,-,-,-,-,195,128,12 高雄市,2 技職
1026,樹德科技大學,D 日,C 二技,2,-,2,-,-,-,-,-,-,-,1,-,-,-,-,-,-,-,1,12 高雄市,2 技職
1026,樹德科技大學,N 職,M 碩士,365,170,195,51,82,51,44,24,29,44,40,-,-,-,-,-,-,-,-,12 高雄市,2 技職
1026,樹德科技大學,N 修,B 四技,"1,114",637,477,162,139,122,89,155,116,160,108,-,-,-,-,-,-,38,25,12 高雄市,2 技職
1026,樹德科技大學,N 修,C 二技,538,231,307,-,-,-,-,118,157,106,145,-,-,-,-,-,-,7,5,12 高雄市,2 技職
1026,樹德科技大學,N 修,2 二專,395,204,191,109,92,89,88,-,-,-,-,-,-,-,-,-,-,6,11,12 高雄市,2 技職
1027,慈濟大學,D 日,D 博士,111,53,58,6,16,10,8,9,12,7,4,5,3,6,7,10,8,-,-,15 花蓮縣,1 一般
1027,慈濟大學,D 日,M 碩士,374,111,263,48,111,34,75,18,47,10,30,1,-,-,-,-,-,-,-,15 花蓮縣,1 一般
1027,慈濟大學,D 日,B 學士,"2,844","1,117","1,727",259,407,236,425,247,389,247,388,60,37,27,31,-,-,41,50,15 花蓮縣,1 一般
1027,慈濟大學,N 職,M 碩士,19,4,15,1,1,1,5,1,4,-,3,1,2,-,-,-,-,-,-,15 花蓮縣,1 一般
1028,臺北醫學大學,D 日,D 博士,581,317,264,69,65,65,54,65,49,52,45,24,21,28,18,14,12,-,-,30 臺北市,1 一般
1028,臺北醫學大學,D 日,M 碩士,691,224,467,105,215,85,194,20,37,13,20,1,1,-,-,-,-,-,-,30 臺北市,1 一般
1028,臺北醫學大學,D 日,B 學士,"4,551","1,867","2,684",410,619,342,647,391,589,342,545,179,111,155,114,-,-,48,59,30 臺北市,1 一般
1028,臺北醫學大學,N 職,M 碩士,314,87,227,48,76,25,70,5,44,9,37,-,-,-,-,-,-,-,-,30 臺北市,1 一般
1029,中山醫學大學,D 日,D 博士,178,109,69,24,8,22,15,24,14,12,11,10,7,8,9,9,5,-,-,19 臺中市,1 一般
1029,中山醫學大學,D 日,M 碩士,532,175,357,67,150,72,127,25,57,11,23,-,-,-,-,-,-,-,-,19 臺中市,1 一般
1029,中山醫學大學,D 日,B 學士,"6,055","2,158","3,897",503,950,439,881,474,930,429,853,105,100,124,84,-,-,84,99,19 臺中市,1 一般
1029,中山醫學大學,N 職,M 碩士,165,29,136,10,64,11,44,5,13,2,4,1,11,-,-,-,-,-,-,19 臺中市,1 一般
1029,中山醫學大學,N 修,C 二技,122,39,83,-,-,-,-,12,28,13,25,11,29,-,-,-,-,3,1,19 臺中市,2 技職
1030,龍華科技大學,D 日,M 碩士,322,219,103,89,39,76,44,33,13,21,7,-,-,-,-,-,-,-,-,03 桃園市,2 技職
1030,龍華科技大學,D 日,B 四技,"7,618","5,121","2,497","1,301",529,"1,226",621,"1,078",564,"1,164",661,-,-,-,-,-,-,352,122,03 桃園市,2 技職
1030,龍華科技大學,D 日,C 二技,40,25,15,-,-,-,-,3,2,1,2,21,11,-,-,-,-,-,-,03 桃園市,2 技職
1030,龍華科技大學,D 日,5 五專,679,604,75,179,20,154,19,140,17,112,15,18,4,-,-,-,-,1,-,03 桃園市,2 技職
1030,龍華科技大學,N 職,M 碩士,111,89,22,45,8,24,12,12,2,8,-,-,-,-,-,-,-,-,-,03 桃園市,2 技職
1030,龍華科技大學,N 修,B 四技,"3,234","2,512",722,763,246,554,130,506,157,505,150,-,-,-,-,-,-,184,39,03 桃園市,2 技職
1031,輔英科技大學,D 日,M 碩士,170,42,128,17,42,16,50,7,20,2,14,-,2,-,-,-,-,-,-,12 高雄市,2 技職
1031,輔英科技大學,D 日,B 四技,"3,703","1,465","2,238",343,518,369,542,344,553,300,534,-,-,-,-,-,-,109,91,12 高雄市,2 技職
1031,輔英科技大學,D 日,C 二技,"1,544",178,"1,366",-,-,-,-,74,662,98,679,-,-,-,-,-,-,6,25,12 高雄市,2 技職
1031,輔英科技大學,D 日,5 五專,"2,682",308,"2,374",64,428,56,530,69,472,61,463,48,446,-,-,-,-,10,35,12 高雄市,2 技職
1031,輔英科技大學,N 職,M 碩士,95,3,92,-,21,1,24,-,19,2,22,-,6,-,-,-,-,-,-,12 高雄市,2 技職
1031,輔英科技大學,N 修,B 四技,546,413,133,139,70,53,13,88,20,101,27,-,-,-,-,-,-,32,3,12 高雄市,2 技職
1031,輔英科技大學,N 修,C 二技,988,200,788,-,-,-,-,81,342,76,331,22,22,-,-,-,-,21,93,12 高雄市,2 技職
1032,明新科技大學,D 日,M 碩士,269,158,111,55,64,61,28,23,9,19,10,-,-,-,-,-,-,-,-,04 新竹縣,2 技職
1032,明新科技大學,D 日,B 四技,"7,072","4,263","2,809",840,545,795,581,"1,031",709,"1,293",859,-,-,-,-,-,-,304,115,04 新竹縣,2 技職
1032,明新科技大學,D 日,C 二技,60,33,27,-,-,-,-,23,16,10,11,-,-,-,-,-,-,-,-,04 新竹縣,2 技職
1032,明新科技大學,D 日,2 二專,21,21,-,5,-,13,-,-,-,-,-,-,-,-,-,-,-,3,-,04 新竹縣,2 技職
1032,明新科技大學,N 職,M 碩士,280,195,85,86,56,54,13,25,8,14,5,10,3,6,-,-,-,-,-,04 新竹縣,2 技職
1032,明新科技大學,N 修,B 四技,"2,798","1,768","1,030",417,227,390,229,382,243,417,259,-,-,-,-,-,-,162,72,04 新竹縣,2 技職
1032,明新科技大學,N 修,C 二技,654,339,315,-,-,-,-,185,138,147,170,-,-,-,-,-,-,7,7,04 新竹縣,2 技職
1032,明新科技大學,N 修,2 二專,223,138,85,62,45,67,35,-,-,-,-,-,-,-,-,-,-,9,5,04 新竹縣,2 技職
1033,長榮大學,D 日,D 博士,48,35,13,8,4,9,4,7,2,3,3,4,-,3,-,1,-,-,-,11 臺南市,1 一般
1033,長榮大學,D 日,M 碩士,268,96,172,43,54,28,43,11,35,12,24,2,16,-,-,-,-,-,-,11 臺南市,1 一般
1033,長榮大學,D 日,B 學士,"7,106","3,203","3,903",760,791,835,901,743,990,699,"1,115",-,-,-,-,-,-,166,106,11 臺南市,1 一般
1033,長榮大學,N 職,M 碩士,115,79,36,36,15,31,11,8,4,2,3,1,3,1,-,-,-,-,-,11 臺南市,1 一般
1033,長榮大學,P 進,B 學士,312,217,95,66,24,38,21,55,22,43,23,-,-,-,-,-,-,15,5,11 臺南市,1 一般
1034,弘光科技大學,D 日,D 博士,13,2,11,1,4,1,2,-,3,-,-,-,1,-,1,-,-,-,-,06 臺中市,2 技職
1034,弘光科技大學,D 日,M 碩士,197,58,139,24,52,26,49,3,21,5,17,-,-,-,-,-,-,-,-,06 臺中市,2 技職
1034,弘光科技大學,D 日,B 四技,"7,224","2,614","4,610",598,"1,140",634,"1,125",643,"1,143",589,"1,055",-,-,-,-,-,-,150,147,06 臺中市,2 技職
1034,弘光科技大學,D 日,C 二技,726,53,673,-,-,-,-,30,339,21,332,-,-,-,-,-,-,2,2,06 臺中市,2 技職
1034,弘光科技大學,D 日,5 五專,260,32,228,5,47,5,47,9,42,9,44,3,46,-,-,-,-,1,2,06 臺中市,2 技職
1034,弘光科技大學,N 職,M 碩士,107,24,83,12,28,8,24,1,14,1,9,1,5,1,3,-,-,-,-,06 臺中市,2 技職
1034,弘光科技大學,N 修,B 四技,"3,170","1,490","1,680",406,423,361,386,336,384,297,397,6,12,-,-,-,-,84,78,06 臺中市,2 技職
1034,弘光科技大學,N 修,C 二技,836,80,756,-,-,-,-,36,267,31,291,10,192,-,-,-,-,3,6,06 臺中市,2 技職
1034,弘光科技大學,N 修,2 二專,133,20,113,14,58,3,44,-,-,-,-,-,-,-,-,-,-,3,11,06 臺中市,2 技職
1035,中國醫藥大學,D 日,D 博士,407,242,165,61,41,52,32,40,31,32,20,24,15,20,16,13,10,-,-,19 臺中市,1 一般
1035,中國醫藥大學,D 日,M 碩士,496,184,312,91,161,69,114,17,25,7,12,-,-,-,-,-,-,-,-,19 臺中市,1 一般
1035,中國醫藥大學,D 日,B 學士,"6,254","2,647","3,607",534,791,512,789,487,746,509,721,310,300,180,134,62,60,53,66,19 臺中市,1 一般
1035,中國醫藥大學,N 職,M 碩士,86,17,69,5,27,7,28,4,12,1,1,-,1,-,-,-,-,-,-,19 臺中市,1 一般
1036,健行科技大學,D 日,M 碩士,290,186,104,77,54,53,28,37,11,14,9,4,2,-,-,1,-,-,-,03 桃園市,2 技職
1036,健行科技大學,D 日,B 四技,"6,565","4,447","2,118",982,491,896,475,"1,047",477,"1,202",565,-,-,-,-,-,-,320,110,03 桃園市,2 技職
1036,健行科技大學,D 日,C 二技,45,29,16,-,-,-,-,5,4,12,6,-,-,-,-,-,-,12,6,03 桃園市,2 技職
1036,健行科技大學,N 職,M 碩士,33,21,12,6,4,6,5,4,-,3,2,1,-,1,1,-,-,-,-,03 桃園市,2 技職
1036,健行科技大學,N 修,B 四技,"3,870","2,417","1,453",578,396,578,332,549,365,514,294,-,-,-,-,-,-,198,66,03 桃園市,2 技職
1036,健行科技大學,N 修,C 二技,364,177,187,-,-,-,-,103,92,71,94,-,-,-,-,-,-,3,1,03 桃園市,2 技職
1037,正修科技大學,D 日,D 博士,14,14,-,4,-,2,-,3,-,3,-,1,-,-,-,1,-,-,-,12 高雄市,2 技職
1037,正修科技大學,D 日,M 碩士,327,189,138,92,67,75,46,18,19,4,6,-,-,-,-,-,-,-,-,12 高雄市,2 技職
1037,正修科技大學,D 日,B 四技,"8,630","5,499","3,131","1,494",774,"1,279",730,"1,274",762,"1,255",804,-,-,-,-,-,-,197,61,12 高雄市,2 技職
1037,正修科技大學,D 日,C 二技,101,68,33,-,-,-,-,25,3,-,-,43,30,-,-,-,-,-,-,12 高雄市,2 技職
1037,正修科技大學,D 日,5 五專,274,211,63,50,20,64,17,53,10,44,16,-,-,-,-,-,-,-,-,12 高雄市,2 技職
1037,正修科技大學,N 職,M 碩士,202,140,62,89,37,38,21,10,4,3,-,-,-,-,-,-,-,-,-,12 高雄市,2 技職
1037,正修科技大學,N 修,B 四技,"4,799","3,212","1,587",695,341,714,357,801,376,720,414,-,-,-,-,-,-,282,99,12 高雄市,2 技職
1037,正修科技大學,N 修,C 二技,"2,273","1,124","1,149",-,-,-,-,609,639,500,503,-,-,-,-,-,-,15,7,12 高雄市,2 技職
1037,正修科技大學,N 修,2 二專,948,573,375,264,179,287,188,-,-,-,-,-,-,-,-,-,-,22,8,12 高雄市,2 技職
1038,萬能科技大學,D 日,M 碩士,134,68,66,30,24,22,22,12,16,4,4,-,-,-,-,-,-,-,-,03 桃園市,2 技職
1038,萬能科技大學,D 日,B 四技,"5,793","3,179","2,614",716,588,704,605,757,665,787,630,-,-,-,-,-,-,215,126,03 桃園市,2 技職
1038,萬能科技大學,N 職,M 碩士,146,67,79,37,60,29,18,-,-,1,-,-,-,-,1,-,-,-,-,03 桃園市,2 技職
1038,萬能科技大學,N 修,B 四技,"2,474","1,436","1,038",416,258,294,244,316,228,337,267,-,-,-,-,-,-,73,41,03 桃園市,2 技職
1038,萬能科技大學,N 修,C 二技,434,219,215,-,-,-,-,110,114,94,93,-,-,-,-,-,-,15,8,03 桃園市,2 技職
1038,萬能科技大學,N 修,2 二專,32,1,31,-,-,1,26,-,-,-,-,-,-,-,-,-,-,-,5,03 桃園市,2 技職
1039,玄奘大學,D 日,D 博士,1,1,-,-,-,-,-,-,-,-,-,-,-,-,-,1,-,-,-,18 新竹市,1 一般
1039,玄奘大學,D 日,M 碩士,246,89,157,28,45,23,44,14,37,19,30,4,1,1,-,-,-,-,-,18 新竹市,1 一般
1039,玄奘大學,D 日,B 學士,"1,630",681,949,119,202,170,232,164,214,166,250,-,-,-,-,-,-,62,51,18 新竹市,1 一般
1039,玄奘大學,N 職,M 碩士,142,45,97,13,28,13,28,8,16,7,14,3,10,1,1,-,-,-,-,18 新竹市,1 一般
1039,玄奘大學,P 進,B 學士,30,13,17,-,-,-,-,-,-,9,11,-,-,-,-,-,-,4,6,18 新竹市,1 一般
1040,建國科技大學,D 日,M 碩士,134,85,49,29,24,30,12,15,7,11,6,-,-,-,-,-,-,-,-,07 彰化縣,2 技職
1040,建國科技大學,D 日,B 四技,"3,535","2,421","1,114",353,169,389,172,682,337,859,380,-,-,-,-,-,-,138,56,07 彰化縣,2 技職
1040,建國科技大學,N 修,B 四技,"1,827","1,356",471,294,149,268,109,386,89,335,117,-,-,-,-,-,-,73,7,07 彰化縣,2 技職
1040,建國科技大學,N 修,C 二技,306,191,115,-,-,-,-,97,48,89,65,-,-,-,-,-,-,5,2,07 彰化縣,2 技職
1040,建國科技大學,N 修,2 二專,69,41,28,9,11,25,16,-,-,-,-,-,-,-,-,-,-,7,1,07 彰化縣,2 技職
1041,明志科技大學,D 日,D 博士,37,29,8,14,6,5,-,2,1,6,1,1,-,1,-,-,-,-,-,01 新北市,2 技職
1041,明志科技大學,D 日,M 碩士,473,348,125,164,54,127,57,41,9,16,5,-,-,-,-,-,-,-,-,01 新北市,2 技職
1041,明志科技大學,D 日,B 四技,"3,625","2,626",999,633,273,627,239,614,247,620,227,-,-,-,-,-,-,132,13,01 新北市,2 技職
1041,明志科技大學,N 職,M 碩士,20,17,3,10,2,3,-,2,-,2,1,-,-,-,-,-,-,-,-,01 新北市,2 技職
1041,明志科技大學,N 修,B 四技,283,268,15,25,3,23,1,86,5,98,5,-,-,-,-,-,-,36,1,01 新北市,2 技職
1042,高苑科技大學,D 日,M 碩士,83,45,38,16,18,23,14,1,6,5,-,-,-,-,-,-,-,-,-,12 高雄市,2 技職
1042,高苑科技大學,D 日,B 四技,"1,640","1,043",597,214,160,154,109,243,155,393,162,-,-,-,-,-,-,39,11,12 高雄市,2 技職
1042,高苑科技大學,N 職,M 碩士,178,117,61,63,46,47,12,3,2,2,-,2,1,-,-,-,-,-,-,12 高雄市,2 技職
1042,高苑科技大學,N 修,B 四技,786,623,163,129,65,123,26,136,22,147,38,-,-,-,-,-,-,88,12,12 高雄市,2 技職
1042,高苑科技大學,N 修,C 二技,286,176,110,-,-,-,-,78,65,73,42,-,-,-,-,-,-,25,3,12 高雄市,2 技職
1042,高苑科技大學,N 修,2 二專,167,91,76,35,47,16,26,-,-,-,-,-,-,-,-,-,-,40,3,12 高雄市,2 技職
1043,大仁科技大學,D 日,M 碩士,78,35,43,15,29,13,8,7,6,-,-,-,-,-,-,-,-,-,-,13 屏東縣,2 技職
1043,大仁科技大學,D 日,B 四技,"3,110","1,483","1,627",303,330,283,315,359,398,335,382,85,111,-,-,-,-,118,91,13 屏東縣,2 技職
1043,大仁科技大學,N 職,M 碩士,167,87,80,33,28,46,43,6,7,2,2,-,-,-,-,-,-,-,-,13 屏東縣,2 技職
1043,大仁科技大學,N 修,B 四技,167,104,63,18,16,11,13,23,14,39,14,-,-,-,-,-,-,13,6,13 屏東縣,2 技職
1043,大仁科技大學,N 修,C 二技,"1,320",462,858,-,-,-,-,252,459,196,377,-,-,-,-,-,-,14,22,13 屏東縣,2 技職
1043,大仁科技大學,N 修,2 二專,92,47,45,21,23,18,20,-,-,-,-,-,-,-,-,-,-,8,2,13 屏東縣,2 技職
1044,聖約翰科技大學,D 日,M 碩士,88,62,26,18,11,16,8,16,4,12,3,-,-,-,-,-,-,-,-,01 新北市,2 技職
1044,聖約翰科技大學,D 日,B 四技,"1,018",641,377,65,24,66,57,159,100,246,150,-,-,-,-,-,-,105,46,01 新北市,2 技職
1044,聖約翰科技大學,D 日,C 二技,2,-,2,-,-,-,-,-,-,-,2,-,-,-,-,-,-,-,-,01 新北市,2 技職
1044,聖約翰科技大學,D 日,5 五專,158,125,33,-,-,10,4,33,7,40,10,32,9,-,-,-,-,10,3,01 新北市,2 技職
1044,聖約翰科技大學,N 職,M 碩士,105,78,27,24,10,20,11,21,6,13,-,-,-,-,-,-,-,-,-,01 新北市,2 技職
1044,聖約翰科技大學,N 修,B 四技,305,248,57,48,8,24,1,103,17,71,30,-,-,-,-,-,-,2,1,01 新北市,2 技職
1044,聖約翰科技大學,N 修,C 二技,83,58,25,-,-,-,-,26,6,32,19,-,-,-,-,-,-,-,-,01 新北市,2 技職
1044,聖約翰科技大學,N 修,2 二專,79,53,26,27,10,26,12,-,-,-,-,-,-,-,-,-,-,-,4,01 新北市,2 技職
1045,嶺東科技大學,D 日,M 碩士,239,118,121,53,61,48,38,9,13,8,9,-,-,-,-,-,-,-,-,19 臺中市,2 技職
1045,嶺東科技大學,D 日,B 四技,"7,205","2,689","4,516",623,"1,069",632,"1,108",639,"1,177",673,"1,068",-,-,-,-,-,-,122,94,19 臺中市,2 技職
1045,嶺東科技大學,D 日,C 二技,1,-,1,-,-,-,-,-,-,-,1,-,-,-,-,-,-,-,-,19 臺中市,2 技職
1045,嶺東科技大學,N 職,M 碩士,157,98,59,64,34,27,20,5,3,2,2,-,-,-,-,-,-,-,-,19 臺中市,2 技職
1045,嶺東科技大學,N 修,B 四技,"2,651","1,476","1,175",391,300,344,261,322,288,293,253,-,-,-,-,-,-,126,73,19 臺中市,2 技職
1046,中國科技大學,D 日,M 碩士,183,102,81,49,37,27,27,16,13,10,4,-,-,-,-,-,-,-,-,30 臺北市,2 技職
1046,中國科技大學,D 日,B 四技,"6,058","2,800","3,258",671,760,589,691,725,836,638,828,-,-,-,-,-,-,177,143,30 臺北市,2 技職
1046,中國科技大學,D 日,C 二技,7,2,5,-,-,-,-,2,5,-,-,-,-,-,-,-,-,-,-,30 臺北市,2 技職
1046,中國科技大學,N 職,M 碩士,82,56,26,21,19,30,7,4,-,1,-,-,-,-,-,-,-,-,-,30 臺北市,2 技職
1046,中國科技大學,N 修,B 四技,"1,115",655,460,177,113,126,104,160,101,120,99,-,-,-,-,-,-,72,43,30 臺北市,2 技職
1046,中國科技大學,N 修,C 二技,776,413,363,-,-,-,-,184,190,217,170,-,-,-,-,-,-,12,3,30 臺北市,2 技職
1046,中國科技大學,N 修,X 4+X,1,-,1,-,-,-,-,-,-,-,-,-,-,-,-,-,-,-,1,30 臺北市,2 技職
1046,中國科技大學,N 修,2 二專,390,196,194,103,81,66,96,-,-,-,-,-,-,-,-,-,-,27,17,30 臺北市,2 技職
1047,中臺科技大學,D 日,D 博士,9,6,3,2,1,1,-,1,1,-,1,-,-,-,-,2,-,-,-,19 臺中市,2 技職
1047,中臺科技大學,D 日,M 碩士,118,35,83,15,33,14,29,4,8,1,6,1,7,-,-,-,-,-,-,19 臺中市,2 技職
1047,中臺科技大學,D 日,B 四技,"4,344","1,838","2,506",386,506,413,511,442,666,452,682,-,-,-,-,-,-,145,141,19 臺中市,2 技職
1047,中臺科技大學,D 日,C 二技,575,92,483,-,-,-,-,48,251,43,228,-,-,-,-,-,-,1,4,19 臺中市,2 技職
1047,中臺科技大學,D 日,2 二專,16,6,10,6,10,-,-,-,-,-,-,-,-,-,-,-,-,-,-,19 臺中市,2 技職
1047,中臺科技大學,N 職,M 碩士,266,57,209,23,86,14,58,9,37,9,23,2,5,-,-,-,-,-,-,19 臺中市,2 技職
1047,中臺科技大學,N 修,B 四技,"1,502",528,974,130,246,135,225,123,217,100,198,14,54,-,-,-,-,26,34,19 臺中市,2 技職
1047,中臺科技大學,N 修,C 二技,774,103,671,-,-,-,-,41,388,46,242,14,34,-,-,-,-,2,7,19 臺中市,2 技職
1048,亞洲大學,D 日,D 博士,235,146,89,26,20,27,15,30,17,25,15,15,8,16,8,7,6,-,-,06 臺中市,1 一般
1048,亞洲大學,D 日,M 碩士,603,242,361,87,161,81,90,51,59,23,51,-,-,-,-,-,-,-,-,06 臺中市,1 一般
1048,亞洲大學,D 日,B 學士,"9,443","3,320","6,123",798,"1,554",794,"1,500",779,"1,444",775,"1,475",-,-,-,-,-,-,174,150,06 臺中市,1 一般
1048,亞洲大學,N 職,M 碩士,426,197,229,129,145,52,51,13,22,3,11,-,-,-,-,-,-,-,-,06 臺中市,1 一般
1048,亞洲大學,P 進,B 學士,724,330,394,88,110,66,84,53,69,79,102,-,-,-,-,-,-,44,29,06 臺中市,1 一般
1049,開南大學,D 日,M 碩士,216,79,137,37,71,23,28,7,25,10,12,1,-,1,1,-,-,-,-,03 桃園市,1 一般
1049,開南大學,D 日,B 學士,"3,648","1,733","1,915",345,415,429,442,404,455,411,463,-,-,-,-,-,-,144,140,03 桃園市,1 一般
1049,開南大學,N 職,M 碩士,317,177,140,89,91,46,30,16,7,10,7,12,4,4,1,-,-,-,-,03 桃園市,1 一般
1049,開南大學,P 進,B 學士,927,534,393,118,83,122,107,146,91,123,102,-,-,-,-,-,-,25,10,03 桃園市,1 一般
1050,佛光大學,D 日,D 博士,63,21,42,-,9,4,7,4,6,4,9,3,3,1,6,5,2,-,-,02 宜蘭縣,1 一般
1050,佛光大學,D 日,M 碩士,429,172,257,70,104,33,56,32,54,35,42,1,-,-,1,1,-,-,-,02 宜蘭縣,1 一般
1050,佛光大學,D 日,B 學士,"2,637","1,229","1,408",302,347,307,335,283,345,260,342,-,-,-,-,-,-,77,39,02 宜蘭縣,1 一般
1050,佛光大學,N 職,M 碩士,113,57,56,27,34,12,8,-,3,8,7,10,4,-,-,-,-,-,-,02 宜蘭縣,1 一般
1051,台南應用科技大學,D 日,M 碩士,101,29,72,11,30,11,23,6,10,1,9,-,-,-,-,-,-,-,-,11 臺南市,2 技職
1051,台南應用科技大學,D 日,B 四技,"7,673","2,314","5,359",563,"1,309",526,"1,298",597,"1,362",533,"1,305",-,-,-,-,-,-,95,85,11 臺南市,2 技職
1051,台南應用科技大學,D 日,C 二技,480,85,395,-,-,-,-,39,190,40,178,-,-,-,-,-,-,6,27,11 臺南市,2 技職
1051,台南應用科技大學,D 日,5 五專,950,231,719,38,129,45,133,55,145,52,163,41,149,-,-,-,-,-,-,11 臺南市,2 技職
1051,台南應用科技大學,N 職,M 碩士,100,24,76,9,26,12,23,2,11,-,7,1,9,-,-,-,-,-,-,11 臺南市,2 技職
1051,台南應用科技大學,N 修,B 四技,"2,213",847,"1,366",171,260,188,320,218,380,215,348,-,-,-,-,-,-,55,58,11 臺南市,2 技職
1051,台南應用科技大學,N 修,C 二技,199,22,177,-,-,-,-,5,77,16,92,-,-,-,-,-,-,1,8,11 臺南市,2 技職
1052,遠東科技大學,D 日,M 碩士,276,147,129,58,57,63,68,20,2,6,2,-,-,-,-,-,-,-,-,11 臺南市,2 技職
1052,遠東科技大學,D 日,B 四技,"2,438","1,716",722,225,93,332,128,420,186,541,267,-,-,-,-,-,-,198,48,11 臺南市,2 技職
1052,遠東科技大學,N 職,M 碩士,39,37,2,8,1,13,1,8,-,5,-,2,-,1,-,-,-,-,-,11 臺南市,2 技職
1052,遠東科技大學,N 修,B 四技,486,378,108,72,17,60,23,120,25,106,38,-,-,-,-,-,-,20,5,11 臺南市,2 技職
1052,遠東科技大學,N 修,C 二技,321,191,130,-,-,-,-,98,77,85,50,-,-,-,-,-,-,8,3,11 臺南市,2 技職
1052,遠東科技大學,N 修,2 二專,197,125,72,55,37,66,33,-,-,-,-,-,-,-,-,-,-,4,2,11 臺南市,2 技職
1053,元培醫事科技大學,D 日,D 博士,2,2,-,1,-,1,-,-,-,-,-,-,-,-,-,-,-,-,-,18 新竹市,2 技職
1053,元培醫事科技大學,D 日,M 碩士,265,120,145,49,61,42,48,19,21,10,15,-,-,-,-,-,-,-,-,18 新竹市,2 技職
1053,元培醫事科技大學,D 日,B 四技,"3,501","1,474","2,027",321,499,307,445,362,496,356,499,-,-,-,-,-,-,128,88,18 新竹市,2 技職
1053,元培醫事科技大學,D 日,C 二技,103,8,95,-,-,-,-,5,46,3,48,-,-,-,-,-,-,-,1,18 新竹市,2 技職
1053,元培醫事科技大學,N 職,M 碩士,41,9,32,7,14,1,7,1,9,-,2,-,-,-,-,-,-,-,-,18 新竹市,2 技職
1053,元培醫事科技大學,N 修,B 四技,"1,390",709,681,101,122,183,180,219,178,181,172,-,-,-,-,-,-,25,29,18 新竹市,2 技職
1053,元培醫事科技大學,N 修,C 二技,449,81,368,-,-,-,-,29,140,41,184,-,-,-,-,-,-,11,44,18 新竹市,2 技職
1054,景文科技大學,D 日,M 碩士,18,13,5,-,-,9,4,2,1,2,-,-,-,-,-,-,-,-,-,01 新北市,2 技職
1054,景文科技大學,D 日,B 四技,"4,646","2,066","2,580",404,513,451,557,535,758,516,647,-,-,-,-,-,-,160,105,01 新北市,2 技職
1054,景文科技大學,D 日,C 二技,21,12,9,-,-,-,-,10,7,2,2,-,-,-,-,-,-,-,-,01 新北市,2 技職
1054,景文科技大學,N 職,M 碩士,47,32,15,22,12,6,3,1,-,3,-,-,-,-,-,-,-,-,-,01 新北市,2 技職
1054,景文科技大學,N 修,B 四技,755,397,358,94,78,57,47,107,97,112,111,-,-,-,-,-,-,27,25,01 新北市,2 技職
1054,景文科技大學,N 修,C 二技,294,141,153,-,-,-,-,86,71,49,79,-,-,-,-,-,-,6,3,01 新北市,2 技職
1054,景文科技大學,N 修,2 二專,122,71,51,31,24,37,25,-,-,-,-,-,-,-,-,-,-,3,2,01 新北市,2 技職
1055,中華醫事科技大學,D 日,M 碩士,91,42,49,18,24,20,18,3,5,1,2,-,-,-,-,-,-,-,-,11 臺南市,2 技職
1055,中華醫事科技大學,D 日,B 四技,"3,036","1,107","1,929",194,392,236,407,228,524,387,555,-,-,-,-,-,-,62,51,11 臺南市,2 技職
1055,中華醫事科技大學,D 日,C 二技,853,196,657,-,-,-,-,84,341,109,309,-,-,-,-,-,-,3,7,11 臺南市,2 技職
1055,中華醫事科技大學,D 日,2 二專,1,1,-,-,-,-,-,-,-,-,-,-,-,-,-,-,-,1,-,11 臺南市,2 技職
1055,中華醫事科技大學,D 日,5 五專,"3,147",702,"2,445",143,493,163,546,135,481,127,439,112,454,-,-,-,-,22,32,11 臺南市,2 技職
1055,中華醫事科技大學,N 職,M 碩士,23,12,11,3,3,9,8,-,-,-,-,-,-,-,-,-,-,-,-,11 臺南市,2 技職
1055,中華醫事科技大學,N 修,B 四技,554,241,313,70,89,44,58,61,74,47,72,-,-,-,-,-,-,19,20,11 臺南市,2 技職
1055,中華醫事科技大學,N 修,C 二技,725,196,529,-,-,-,-,103,287,85,231,-,-,-,-,-,-,8,11,11 臺南市,2 技職
1055,中華醫事科技大學,N 修,2 二專,81,42,39,21,20,21,19,-,-,-,-,-,-,-,-,-,-,-,-,11 臺南市,2 技職
1056,東南科技大學,D 日,M 碩士,127,80,47,31,22,36,20,9,4,4,1,-,-,-,-,-,-,-,-,01 新北市,2 技職
1056,東南科技大學,D 日,B 四技,"4,050","2,616","1,434",534,336,548,313,689,365,720,359,-,-,-,-,-,-,125,61,01 新北市,2 技職
1056,東南科技大學,N 職,M 碩士,48,42,6,26,1,15,4,-,1,1,-,-,-,-,-,-,-,-,-,01 新北市,2 技職
1056,東南科技大學,N 修,B 四技,625,461,164,107,52,78,34,133,33,115,39,-,-,-,-,-,-,28,6,01 新北市,2 技職
1057,德明財經科技大學,D 日,M 碩士,42,23,19,10,8,2,5,2,-,9,6,-,-,-,-,-,-,-,-,30 臺北市,2 技職
1057,德明財經科技大學,D 日,B 四技,"6,585","2,806","3,779",569,786,613,772,663,972,662,978,-,-,-,-,-,-,299,271,30 臺北市,2 技職
1057,德明財經科技大學,D 日,C 二技,106,34,72,-,-,-,-,22,30,10,42,-,-,-,-,-,-,2,-,30 臺北市,2 技職
1057,德明財經科技大學,N 職,M 碩士,26,15,11,3,4,6,5,2,1,1,1,1,-,2,-,-,-,-,-,30 臺北市,2 技職
1057,德明財經科技大學,N 修,B 四技,414,224,190,40,39,46,35,52,51,50,44,-,-,-,-,-,-,36,21,30 臺北市,2 技職
1057,德明財經科技大學,N 修,C 二技,119,46,73,-,-,-,-,17,35,28,37,-,-,-,-,-,-,1,1,30 臺北市,2 技職
1058,明道大學,D 日,D 博士,32,19,13,4,1,1,4,6,1,3,3,1,2,2,2,2,-,-,-,07 彰化縣,1 一般
1058,明道大學,D 日,M 碩士,148,80,68,21,29,31,19,17,13,10,6,1,1,-,-,-,-,-,-,07 彰化縣,1 一般
1058,明道大學,D 日,B 學士,"1,324",750,574,66,75,113,116,223,172,292,182,-,-,-,-,-,-,56,29,07 彰化縣,1 一般
1058,明道大學,N 職,M 碩士,53,24,29,13,19,7,7,2,3,2,-,-,-,-,-,-,-,-,-,07 彰化縣,1 一般
1058,明道大學,P 進,B 學士,456,307,149,63,28,72,20,71,37,91,58,-,-,-,-,-,-,10,6,07 彰化縣,1 一般
1060,南開科技大學,D 日,M 碩士,77,41,36,17,15,15,16,6,3,3,2,-,-,-,-,-,-,-,-,08 南投縣,2 技職
1060,南開科技大學,D 日,B 四技,"1,790","1,213",577,171,84,261,95,295,159,405,209,-,-,-,-,-,-,81,30,08 南投縣,2 技職
1060,南開科技大學,D 日,5 五專,415,353,62,50,6,67,8,63,15,76,18,89,14,-,-,-,-,8,1,08 南投縣,2 技職
1060,南開科技大學,N 職,M 碩士,67,23,44,9,21,10,17,2,3,2,3,-,-,-,-,-,-,-,-,08 南投縣,2 技職
1060,南開科技大學,N 修,B 四技,632,443,189,107,33,87,40,114,51,102,55,-,-,-,-,-,-,33,10,08 南投縣,2 技職
1060,南開科技大學,N 修,C 二技,190,86,104,-,-,-,-,51,52,34,52,-,-,-,-,-,-,1,-,08 南投縣,2 技職
1060,南開科技大學,N 修,2 二專,64,39,25,20,12,18,13,-,-,-,-,-,-,-,-,-,-,1,-,08 南投縣,2 技職
1061,中華科技大學,D 日,M 碩士,206,141,65,66,35,68,29,6,1,1,-,-,-,-,-,-,-,-,-,30 臺北市,2 技職
1061,中華科技大學,D 日,B 四技,"2,838","1,998",840,368,173,425,162,545,227,520,235,-,-,-,-,-,-,140,43,30 臺北市,2 技職
1061,中華科技大學,D 日,C 二技,41,5,36,-,-,-,-,2,33,3,3,-,-,-,-,-,-,-,-,30 臺北市,2 技職
1061,中華科技大學,N 職,M 碩士,129,105,24,38,15,57,7,9,2,-,-,1,-,-,-,-,-,-,-,30 臺北市,2 技職
1061,中華科技大學,N 修,B 四技,644,528,116,126,30,115,28,135,36,126,21,-,-,-,-,-,-,26,1,30 臺北市,2 技職
1061,中華科技大學,N 修,C 二技,389,208,181,-,-,-,-,117,118,87,62,-,-,-,-,-,-,4,1,30 臺北市,2 技職
1061,中華科技大學,N 修,2 二專,118,77,41,40,12,34,23,-,-,-,-,-,-,-,-,-,-,3,6,30 臺北市,2 技職
1062,僑光科技大學,D 日,M 碩士,32,15,17,11,14,3,2,-,-,1,1,-,-,-,-,-,-,-,-,19 臺中市,2 技職
1062,僑光科技大學,D 日,B 四技,"5,899","2,477","3,422",586,791,597,749,601,875,606,948,-,-,-,-,-,-,87,59,19 臺中市,2 技職
1062,僑光科技大學,N 職,M 碩士,18,10,8,7,5,-,-,3,1,-,2,-,-,-,-,-,-,-,-,19 臺中市,2 技職
1062,僑光科技大學,N 修,B 四技,"3,892","2,296","1,596",601,348,474,328,530,414,530,419,-,-,-,-,-,-,161,87,19 臺中市,2 技職
1063,育達科技大學,D 日,M 碩士,164,72,92,27,35,20,23,8,5,17,29,-,-,-,-,-,-,-,-,05 苗栗縣,2 技職
1063,育達科技大學,D 日,B 四技,"1,558",796,762,144,135,134,145,216,140,214,269,-,-,-,-,-,-,88,73,05 苗栗縣,2 技職
1063,育達科技大學,N 職,M 碩士,161,89,72,22,34,41,24,14,7,12,7,-,-,-,-,-,-,-,-,05 苗栗縣,2 技職
1063,育達科技大學,N 修,B 四技,859,495,364,133,112,92,72,129,87,97,82,-,-,-,-,-,-,44,11,05 苗栗縣,2 技職
1063,育達科技大學,N 修,C 二技,"1,042",331,711,-,-,-,-,172,388,150,312,-,-,-,-,-,-,9,11,05 苗栗縣,2 技職
1064,美和科技大學,D 日,M 碩士,147,60,87,30,35,21,27,8,17,1,8,-,-,-,-,-,-,-,-,13 屏東縣,2 技職
1064,美和科技大學,D 日,B 四技,"1,987",825,"1,162",170,250,163,230,229,318,228,338,-,-,-,-,-,-,35,26,13 屏東縣,2 技職
1064,美和科技大學,D 日,C 二技,227,34,193,-,-,-,-,20,98,13,94,-,-,-,-,-,-,1,1,13 屏東縣,2 技職
1064,美和科技大學,D 日,5 五專,"1,637",223,"1,414",47,240,41,286,52,290,40,268,31,277,-,-,-,-,12,53,13 屏東縣,2 技職
1064,美和科技大學,N 職,M 碩士,217,49,168,15,55,14,39,12,69,8,4,-,1,-,-,-,-,-,-,13 屏東縣,2 技職
1064,美和科技大學,N 修,B 四技,521,195,326,46,76,36,85,33,58,62,89,-,-,-,-,-,-,18,18,13 屏東縣,2 技職
1064,美和科技大學,N 修,C 二技,"1,072",232,840,-,-,-,-,106,494,122,339,-,-,-,-,-,-,4,7,13 屏東縣,2 技職
1064,美和科技大學,N 修,2 二專,127,65,62,34,28,28,32,-,-,-,-,-,-,-,-,-,-,3,2,13 屏東縣,2 技職
1065,吳鳳科技大學,D 日,M 碩士,50,30,20,14,6,11,10,3,1,1,3,1,-,-,-,-,-,-,-,10 嘉義縣,2 技職
1065,吳鳳科技大學,D 日,B 四技,"3,040","2,073",967,459,206,407,241,576,262,570,237,-,-,-,-,-,-,61,21,10 嘉義縣,2 技職
1065,吳鳳科技大學,N 職,M 碩士,62,40,22,22,14,15,8,3,-,-,-,-,-,-,-,-,-,-,-,10 嘉義縣,2 技職
1065,吳鳳科技大學,N 修,B 四技,771,577,194,147,39,118,48,143,41,140,64,-,-,-,-,-,-,29,2,10 嘉義縣,2 技職
1065,吳鳳科技大學,N 修,C 二技,768,371,397,-,-,-,-,164,221,206,175,-,-,-,-,-,-,1,1,10 嘉義縣,2 技職
1065,吳鳳科技大學,N 修,2 二專,224,129,95,63,51,64,44,-,-,-,-,-,-,-,-,-,-,2,-,10 嘉義縣,2 技職
1066,環球科技大學,D 日,M 碩士,127,58,69,19,25,22,17,11,18,6,9,-,-,-,-,-,-,-,-,09 雲林縣,2 技職
1066,環球科技大學,D 日,B 四技,"1,728",827,901,130,103,149,181,235,280,240,283,-,-,-,-,-,-,73,54,09 雲林縣,2 技職
1066,環球科技大學,N 職,M 碩士,71,27,44,8,22,13,12,4,9,1,-,1,1,-,-,-,-,-,-,09 雲林縣,2 技職
1066,環球科技大學,N 修,B 四技,452,238,214,46,23,55,47,56,51,75,75,-,-,-,-,-,-,6,18,09 雲林縣,2 技職
1066,環球科技大學,N 修,C 二技,325,138,187,-,-,-,-,52,90,76,84,-,-,-,-,-,-,10,13,09 雲林縣,2 技職
1066,環球科技大學,N 修,2 二專,128,92,36,60,24,29,12,-,-,-,-,-,-,-,-,-,-,3,-,09 雲林縣,2 技職
1067,台灣首府大學,D 日,M 碩士,53,11,42,5,17,3,20,3,3,-,2,-,-,-,-,-,-,-,-,11 臺南市,1 一般
1067,台灣首府大學,D 日,B 學士,590,278,312,20,27,37,48,77,96,123,124,-,-,-,-,-,-,21,17,11 臺南市,1 一般
1067,台灣首府大學,P 進,B 學士,168,104,64,15,14,15,12,18,16,44,20,-,-,-,-,-,-,12,2,11 臺南市,1 一般
1068,中州科技大學,D 日,M 碩士,2,1,1,-,-,-,-,-,1,1,-,-,-,-,-,-,-,-,-,07 彰化縣,2 技職
1068,中州科技大學,D 日,B 四技,554,334,220,24,12,56,18,104,81,116,95,-,-,-,-,-,-,34,14,07 彰化縣,2 技職
1068,中州科技大學,N 職,M 碩士,10,3,7,1,3,-,-,2,3,-,1,-,-,-,-,-,-,-,-,07 彰化縣,2 技職
1068,中州科技大學,N 修,B 四技,532,372,160,67,28,98,35,71,34,106,51,-,-,-,-,-,-,30,12,07 彰化縣,2 技職
1068,中州科技大學,N 修,C 二技,757,209,548,-,-,-,-,91,226,117,314,-,-,-,-,-,-,1,8,07 彰化縣,2 技職
1068,中州科技大學,N 修,2 二專,76,7,69,-,26,7,40,-,-,-,-,-,-,-,-,-,-,-,3,07 彰化縣,2 技職
1069,修平科技大學,D 日,M 碩士,77,50,27,23,15,18,11,5,-,4,1,-,-,-,-,-,-,-,-,06 臺中市,2 技職
1069,修平科技大學,D 日,B 四技,"2,833","2,086",747,393,137,482,180,538,193,530,198,-,-,-,-,-,-,143,39,06 臺中市,2 技職
1069,修平科技大學,N 職,M 碩士,40,31,9,22,7,8,2,1,-,-,-,-,-,-,-,-,-,-,-,06 臺中市,2 技職
1069,修平科技大學,N 修,B 四技,"1,387","1,275",112,345,27,293,29,276,27,318,24,-,-,-,-,-,-,43,5,06 臺中市,2 技職
1069,修平科技大學,N 修,C 二技,684,473,211,-,-,-,-,249,117,220,93,-,-,-,-,-,-,4,1,06 臺中市,2 技職
1069,修平科技大學,N 修,2 二專,3,3,-,-,-,-,-,-,-,-,-,-,-,-,-,-,-,3,-,06 臺中市,2 技職
1070,長庚科技大學,D 日,M 碩士,71,7,64,4,25,2,22,1,16,-,1,-,-,-,-,-,-,-,-,03 桃園市,2 技職
1070,長庚科技大學,D 日,B 四技,"3,504",470,"3,034",133,759,112,758,104,753,119,749,-,-,-,-,-,-,2,15,03 桃園市,2 技職
1070,長庚科技大學,D 日,C 二技,"1,475",110,"1,365",-,-,-,-,58,669,52,694,-,-,-,-,-,-,-,2,03 桃園市,2 技職
1070,長庚科技大學,N 職,M 碩士,150,3,147,1,43,-,39,-,34,1,20,-,8,-,3,1,-,-,-,03 桃園市,2 技職
1070,長庚科技大學,N 修,C 二技,"1,197",88,"1,109",-,-,-,-,49,568,39,522,-,14,-,-,-,-,-,5,03 桃園市,2 技職
1071,臺北城市科技大學,D 日,M 碩士,87,66,21,26,10,27,6,7,1,6,4,-,-,-,-,-,-,-,-,30 臺北市,2 技職
1071,臺北城市科技大學,D 日,B 四技,"6,813","4,329","2,484",956,533,950,542,"1,043",638,988,609,-,-,-,-,-,-,392,162,30 臺北市,2 技職
1071,臺北城市科技大學,D 日,C 二技,8,5,3,-,-,-,-,4,3,1,-,-,-,-,-,-,-,-,-,30 臺北市,2 技職
1071,臺北城市科技大學,D 日,5 五專,933,603,330,108,57,107,62,130,79,117,77,113,47,-,-,-,-,28,8,30 臺北市,2 技職
1071,臺北城市科技大學,N 修,B 四技,744,583,161,182,44,138,36,138,41,98,34,-,-,-,-,-,-,27,6,30 臺北市,2 技職
1071,臺北城市科技大學,N 修,C 二技,500,260,240,-,-,-,-,130,130,119,103,-,-,-,-,-,-,11,7,30 臺北市,2 技職
1071,臺北城市科技大學,N 修,2 二專,374,174,200,102,96,65,91,-,-,-,-,-,-,-,-,-,-,7,13,30 臺北市,2 技職
1072,敏實科技大學,D 日,B 四技,262,197,65,62,15,72,6,18,15,22,18,-,-,-,-,-,-,23,11,04 新竹縣,2 技職
1072,敏實科技大學,D 日,5 五專,203,106,97,8,8,9,12,13,19,18,15,50,32,-,-,-,-,8,11,04 新竹縣,2 技職
1072,敏實科技大學,N 修,B 四技,114,61,53,8,13,10,8,10,8,25,16,-,-,-,-,-,-,8,8,04 新竹縣,2 技職
1073,醒吾科技大學,D 日,M 碩士,65,27,38,17,16,5,15,5,7,-,-,-,-,-,-,-,-,-,-,01 新北市,2 技職
1073,醒吾科技大學,D 日,B 四技,"5,751","2,559","3,192",602,836,674,771,550,714,585,744,-,-,-,-,-,-,148,127,01 新北市,2 技職
1073,醒吾科技大學,D 日,C 二技,22,6,16,-,-,-,-,-,-,-,-,-,-,-,-,-,-,6,16,01 新北市,2 技職
1073,醒吾科技大學,D 日,5 五專,333,127,206,17,17,19,31,30,41,28,60,29,56,-,-,-,-,4,1,01 新北市,2 技職
1073,醒吾科技大學,N 職,M 碩士,73,41,32,12,11,7,7,2,6,10,4,3,4,7,-,-,-,-,-,01 新北市,2 技職
1073,醒吾科技大學,N 修,B 四技,706,303,403,107,105,39,38,61,72,77,164,-,-,-,-,-,-,19,24,01 新北市,2 技職
1073,醒吾科技大學,N 修,C 二技,444,190,254,-,-,-,-,91,116,90,132,-,-,-,-,-,-,9,6,01 新北市,2 技職
1073,醒吾科技大學,N 修,2 二專,123,59,64,17,12,35,50,-,-,-,-,-,-,-,-,-,-,7,2,01 新北市,2 技職
1075,文藻外語大學,D 日,M 碩士,221,54,167,22,53,12,44,12,29,7,35,1,6,-,-,-,-,-,-,50 高雄市,2 技職
1075,文藻外語大學,D 日,B 四技,"4,829","1,408","3,421",309,759,339,756,323,856,343,839,-,-,-,-,-,-,94,211,50 高雄市,2 技職
1075,文藻外語大學,D 日,C 二技,219,41,178,-,-,-,-,13,57,22,82,-,-,-,-,-,-,6,39,50 高雄市,2 技職
1075,文藻外語大學,D 日,5 五專,"1,698",290,"1,408",75,339,63,294,58,299,48,225,39,226,-,-,-,-,7,25,50 高雄市,2 技職
1075,文藻外語大學,N 職,M 碩士,52,15,37,5,12,4,9,1,9,1,5,-,2,3,-,1,-,-,-,50 高雄市,2 技職
1075,文藻外語大學,N 修,B 四技,"1,518",573,945,116,168,134,195,125,216,128,217,-,-,-,-,-,-,70,149,50 高雄市,2 技職
1075,文藻外語大學,N 修,C 二技,146,32,114,-,-,-,-,11,48,18,45,-,-,-,-,-,-,3,21,50 高雄市,2 技職
1076,華夏科技大學,D 日,M 碩士,35,30,5,15,2,6,3,5,-,4,-,-,-,-,-,-,-,-,-,01 新北市,2 技職
1076,華夏科技大學,D 日,B 四技,"1,277",821,456,171,65,170,91,232,148,180,130,-,-,-,-,-,-,68,22,01 新北市,2 技職
1076,華夏科技大學,D 日,C 二技,79,68,11,-,-,-,-,19,5,41,6,-,-,-,-,-,-,8,-,01 新北市,2 技職
1076,華夏科技大學,D 日,5 五專,558,450,108,73,23,116,29,78,20,96,26,79,10,-,-,-,-,8,-,01 新北市,2 技職
1076,華夏科技大學,N 職,M 碩士,62,42,20,19,9,15,9,5,1,3,1,-,-,-,-,-,-,-,-,01 新北市,2 技職
1076,華夏科技大學,N 修,B 四技,720,386,334,64,66,127,46,87,117,78,83,-,-,-,-,-,-,30,22,01 新北市,2 技職
1076,華夏科技大學,N 修,C 二技,657,391,266,-,-,-,-,138,90,236,170,-,-,-,-,-,-,17,6,01 新北市,2 技職
1076,華夏科技大學,N 修,2 二專,112,46,66,-,15,42,42,-,-,-,-,-,-,-,-,-,-,4,9,01 新北市,2 技職
1077,慈濟科技大學,D 日,M 碩士,61,18,43,7,16,9,17,-,9,2,1,-,-,-,-,-,-,-,-,15 花蓮縣,2 技職
1077,慈濟科技大學,D 日,B 四技,"1,289",496,793,125,197,106,196,123,197,114,190,-,-,-,-,-,-,28,13,15 花蓮縣,2 技職
1077,慈濟科技大學,D 日,C 二技,273,28,245,-,-,-,-,16,125,12,118,-,-,-,-,-,-,-,2,15 花蓮縣,2 技職
1077,慈濟科技大學,D 日,2 二專,14,4,10,-,-,4,10,-,-,-,-,-,-,-,-,-,-,-,-,15 花蓮縣,2 技職
1077,慈濟科技大學,D 日,5 五專,"1,349",206,"1,143",27,216,48,253,42,237,36,200,45,207,-,-,-,-,8,30,15 花蓮縣,2 技職
1077,慈濟科技大學,N 修,B 四技,11,4,7,-,-,1,-,1,1,1,4,-,-,-,-,-,-,1,2,15 花蓮縣,2 技職
1077,慈濟科技大學,N 修,C 二技,203,21,182,-,-,-,-,9,92,11,86,-,-,-,-,-,-,1,4,15 花蓮縣,2 技職
1077,慈濟科技大學,N 修,2 二專,11,5,6,-,-,5,3,-,-,-,-,-,-,-,-,-,-,-,3,15 花蓮縣,2 技職
1078,致理科技大學,D 日,M 碩士,50,10,40,5,12,3,16,1,9,1,3,-,-,-,-,-,-,-,-,01 新北市,2 技職
1078,致理科技大學,D 日,B 四技,"6,435","2,105","4,330",495,"1,054",552,"1,022",451,"1,065",459,"1,035",-,-,-,-,-,-,148,154,01 新北市,2 技職
1078,致理科技大學,D 日,C 二技,221,41,180,-,-,-,-,19,90,20,88,-,-,-,-,-,-,2,2,01 新北市,2 技職
1078,致理科技大學,D 日,5 五專,"1,556",348,"1,208",77,253,71,254,77,247,75,222,38,211,-,-,-,-,10,21,01 新北市,2 技職
1078,致理科技大學,N 職,M 碩士,45,13,32,5,15,4,8,1,5,2,3,1,1,-,-,-,-,-,-,01 新北市,2 技職
1078,致理科技大學,N 修,B 四技,"3,177","1,310","1,867",314,433,287,419,305,429,316,447,-,-,-,-,-,-,88,139,01 新北市,2 技職
1078,致理科技大學,N 修,C 二技,2,1,1,-,-,-,-,-,-,-,1,-,-,-,-,-,-,1,-,01 新北市,2 技職
1079,康寧大學,D 日,M 碩士,8,3,5,-,-,-,1,-,2,3,2,-,-,-,-,-,-,-,-,30 臺北市,1 一般
1079,康寧大學,D 日,B 學士,236,59,177,11,39,11,44,10,38,7,45,-,-,-,-,-,-,20,11,30 臺北市,1 一般
1079,康寧大學,D 日,5 五專,"2,653",636,"2,017",123,394,140,441,136,378,104,394,120,369,-,-,-,-,13,41,30 臺北市,2 技職
1079,康寧大學,N 職,M 碩士,13,5,8,-,-,-,-,1,1,3,5,1,2,-,-,-,-,-,-,30 臺北市,1 一般
1079,康寧大學,N 修,C 二技,182,15,167,-,-,-,-,10,87,5,80,-,-,-,-,-,-,-,-,30 臺北市,2 技職
1079,康寧大學,N 修,2 二專,182,45,137,23,71,22,63,-,-,-,-,-,-,-,-,-,-,-,3,30 臺北市,2 技職
1079,康寧大學,P 進,B 學士,6,3,3,-,-,-,-,-,2,1,1,-,-,-,-,-,-,2,-,30 臺北市,1 一般
1080,宏國德霖科技大學,D 日,M 碩士,31,16,15,10,10,6,5,-,-,-,-,-,-,-,-,-,-,-,-,01 新北市,2 技職
1080,宏國德霖科技大學,D 日,B 四技,"1,932","1,192",740,250,178,242,148,330,201,298,194,-,-,-,-,-,-,72,19,01 新北市,2 技職
1080,宏國德霖科技大學,D 日,C 二技,70,31,39,-,-,-,-,14,21,17,17,-,-,-,-,-,-,-,1,01 新北市,2 技職
1080,宏國德霖科技大學,D 日,5 五專,"1,090",657,433,164,89,140,89,125,84,107,88,114,75,-,-,-,-,7,8,01 新北市,2 技職
1080,宏國德霖科技大學,N 修,B 四技,"1,072",697,375,155,81,146,72,188,115,170,89,-,-,-,-,-,-,38,18,01 新北市,2 技職
1080,宏國德霖科技大學,N 修,C 二技,776,448,328,-,-,-,-,228,161,199,156,-,-,-,-,-,-,21,11,01 新北市,2 技職
1080,宏國德霖科技大學,N 修,2 二專,25,7,18,-,-,4,18,-,-,-,-,-,-,-,-,-,-,3,-,01 新北市,2 技職
1081,東方設計大學,D 日,D 博士,28,14,14,4,1,2,3,1,5,2,1,3,2,1,2,1,-,-,-,12 高雄市,2 技職
1081,東方設計大學,D 日,M 碩士,81,30,51,18,28,7,18,3,3,1,2,1,-,-,-,-,-,-,-,12 高雄市,2 技職
1081,東方設計大學,D 日,B 四技,476,270,206,14,27,29,19,45,40,120,91,-,-,-,-,-,-,62,29,12 高雄市,2 技職
1081,東方設計大學,D 日,C 二技,24,12,12,-,-,-,-,6,5,4,7,-,-,-,-,-,-,2,-,12 高雄市,2 技職
1081,東方設計大學,D 日,5 五專,459,213,246,18,18,23,49,50,46,49,51,69,76,-,-,-,-,4,6,12 高雄市,2 技職
1081,東方設計大學,N 職,M 碩士,42,19,23,14,16,5,4,-,3,-,-,-,-,-,-,-,-,-,-,12 高雄市,2 技職
1081,東方設計大學,N 修,B 四技,45,35,10,-,-,1,2,11,3,20,3,-,-,-,-,-,-,3,2,12 高雄市,2 技職
1081,東方設計大學,N 修,C 二技,241,138,103,-,-,-,-,69,59,62,37,-,-,-,-,-,-,7,7,12 高雄市,2 技職
1081,東方設計大學,N 修,2 二專,75,43,32,20,13,20,19,-,-,-,-,-,-,-,-,-,-,3,-,12 高雄市,2 技職
1082,崇右影藝科技大學,D 日,M 碩士,63,36,27,6,8,22,14,6,2,1,3,1,-,-,-,-,-,-,-,17 基隆市,2 技職
1082,崇右影藝科技大學,D 日,B 四技,"1,573",699,874,148,246,97,136,182,238,210,208,-,-,-,-,-,-,62,46,17 基隆市,2 技職
1082,崇右影藝科技大學,D 日,5 五專,6,3,3,-,-,-,-,-,-,-,-,-,-,-,-,-,-,3,3,17 基隆市,2 技職
1082,崇右影藝科技大學,N 修,C 二技,142,80,62,-,-,-,-,-,-,73,57,-,-,-,-,-,-,7,5,17 基隆市,2 技職
1082,崇右影藝科技大學,N 修,2 二專,140,78,62,-,-,69,55,-,-,-,-,-,-,-,-,-,-,9,7,17 基隆市,2 技職
1083,台北海洋科技大學,D 日,M 碩士,143,82,61,36,24,36,24,6,5,4,8,-,-,-,-,-,-,-,-,01 新北市,2 技職
1083,台北海洋科技大學,D 日,B 四技,"2,237","1,274",963,389,258,222,195,275,225,270,217,-,-,-,-,-,-,118,68,01 新北市,2 技職
1083,台北海洋科技大學,D 日,C 二技,184,125,59,-,-,-,-,60,28,53,25,-,-,-,-,-,-,12,6,01 新北市,2 技職
1083,台北海洋科技大學,D 日,2 二專,51,49,2,21,1,27,1,-,-,-,-,-,-,-,-,-,-,1,-,01 新北市,2 技職
1083,台北海洋科技大學,D 日,5 五專,696,426,270,73,54,77,45,99,59,75,60,82,40,-,-,-,-,20,12,01 新北市,2 技職
1083,台北海洋科技大學,N 修,B 四技,216,108,108,37,33,23,42,21,14,24,17,-,-,-,-,-,-,3,2,01 新北市,2 技職
1083,台北海洋科技大學,N 修,C 二技,516,221,295,-,-,-,-,134,162,86,130,-,-,-,-,-,-,1,3,01 新北市,2 技職
1083,台北海洋科技大學,N 修,2 二專,81,73,8,46,2,23,6,-,-,-,-,-,-,-,-,-,-,4,-,01 新北市,2 技職
1084,亞東科技大學,D 日,M 碩士,51,43,8,17,5,15,1,9,-,2,2,-,-,-,-,-,-,-,-,01 新北市,2 技職
1084,亞東科技大學,D 日,B 四技,"3,848","2,805","1,043",599,237,676,260,690,272,725,256,-,-,-,-,-,-,115,18,01 新北市,2 技職
1084,亞東科技大學,D 日,C 二技,177,8,169,-,-,-,-,5,85,3,84,-,-,-,-,-,-,-,-,01 新北市,2 技職
1084,亞東科技大學,N 修,C 二技,147,1,146,-,-,-,-,-,50,-,50,1,46,-,-,-,-,-,-,01 新北市,2 技職
1125,中信金融管理學院,D 日,M 碩士,117,58,59,26,35,16,19,11,4,5,1,-,-,-,-,-,-,-,-,21 臺南市,1 一般
1125,中信金融管理學院,D 日,B 學士,765,470,295,171,83,109,87,98,60,83,65,-,-,-,-,-,-,9,-,21 臺南市,1 一般
1125,中信金融管理學院,N 職,M 碩士,37,15,22,11,19,4,3,-,-,-,-,-,-,-,-,-,-,-,-,21 臺南市,1 一般
1148,大漢技術學院,D 日,M 碩士,87,51,36,21,17,16,14,14,5,-,-,-,-,-,-,-,-,-,-,15 花蓮縣,2 技職
1148,大漢技術學院,D 日,B 四技,197,112,85,18,11,24,18,29,20,31,32,-,-,-,-,-,-,10,4,15 花蓮縣,2 技職
1148,大漢技術學院,N 修,B 四技,294,188,106,46,39,57,24,41,24,37,17,-,-,-,-,-,-,7,2,15 花蓮縣,2 技職
1148,大漢技術學院,N 修,C 二技,219,118,101,-,-,-,-,61,48,51,53,-,-,-,-,-,-,6,-,15 花蓮縣,2 技職
1148,大漢技術學院,N 修,2 二專,107,55,52,28,30,27,20,-,-,-,-,-,-,-,-,-,-,-,2,15 花蓮縣,2 技職
1159,和春技術學院,D 日,B 四技,77,61,16,-,-,15,2,10,2,23,7,-,-,-,-,-,-,13,5,12 高雄市,2 技職
1159,和春技術學院,D 日,5 五專,34,18,16,-,-,-,-,3,-,3,2,11,12,-,-,-,-,1,2,12 高雄市,2 技職
1159,和春技術學院,N 修,B 四技,32,26,6,-,-,7,-,7,2,7,3,-,-,-,-,-,-,5,1,12 高雄市,2 技職
1159,和春技術學院,N 修,C 二技,106,76,30,-,-,-,-,-,-,69,26,-,-,-,-,-,-,7,4,12 高雄市,2 技職
1159,和春技術學院,N 修,2 二專,52,43,9,-,-,33,7,-,-,-,-,-,-,-,-,-,-,10,2,12 高雄市,2 技職
1168,南亞技術學院,D 日,M 碩士,11,9,2,-,-,2,1,4,1,3,-,-,-,-,-,-,-,-,-,03 桃園市,2 技職
1168,南亞技術學院,D 日,B 四技,"1,168",748,420,139,70,195,101,216,102,168,111,-,-,-,-,-,-,30,36,03 桃園市,2 技職
1168,南亞技術學院,D 日,5 五專,196,118,78,18,12,16,14,26,13,20,20,30,17,-,-,-,-,8,2,03 桃園市,2 技職
1168,南亞技術學院,N 修,B 四技,391,239,152,37,32,29,37,75,27,76,41,-,-,-,-,-,-,22,15,03 桃園市,2 技職
1168,南亞技術學院,N 修,C 二技,966,338,628,-,-,-,-,88,315,239,304,-,-,-,-,-,-,11,9,03 桃園市,2 技職
1168,南亞技術學院,N 修,2 二專,30,20,10,-,-,16,8,-,-,-,-,-,-,-,-,-,-,4,2,03 桃園市,2 技職
1182,蘭陽技術學院,D 日,B 四技,132,79,53,-,-,8,10,13,4,52,35,-,-,-,-,-,-,6,4,02 宜蘭縣,2 技職
1182,蘭陽技術學院,D 日,5 五專,130,71,59,-,-,5,6,10,8,19,20,22,16,-,-,-,-,15,9,02 宜蘭縣,2 技職
1182,蘭陽技術學院,N 修,C 二技,63,34,29,-,-,-,-,-,-,34,29,-,-,-,-,-,-,-,-,02 宜蘭縣,2 技職
1183,黎明技術學院,D 日,B 四技,"3,550","1,877","1,673",390,437,404,404,460,390,531,382,-,-,-,-,-,-,92,60,01 新北市,2 技職
1183,黎明技術學院,D 日,5 五專,380,316,64,54,14,67,16,50,10,64,10,70,12,-,-,-,-,11,2,01 新北市,2 技職
1183,黎明技術學院,N 修,B 四技,"1,259",786,473,293,159,162,104,175,96,130,102,-,-,-,-,-,-,26,12,01 新北市,2 技職
1183,黎明技術學院,N 修,C 二技,65,15,50,-,-,-,-,10,29,4,21,-,-,-,-,-,-,1,-,01 新北市,2 技職
1185,經國管理暨健康學院,D 日,M 碩士,48,4,44,1,19,1,17,1,5,1,3,-,-,-,-,-,-,-,-,17 基隆市,2 技職
1185,經國管理暨健康學院,D 日,B 四技,"1,643",613,"1,030",98,175,102,179,185,317,173,277,-,-,-,-,-,-,55,82,17 基隆市,2 技職
1185,經國管理暨健康學院,D 日,C 二技,173,23,150,-,-,-,-,7,73,13,74,-,-,-,-,-,-,3,3,17 基隆市,2 技職
1185,經國管理暨健康學院,D 日,5 五專,"1,012",259,753,49,158,48,154,57,125,52,135,41,126,-,-,-,-,12,55,17 基隆市,2 技職
1185,經國管理暨健康學院,N 職,M 碩士,40,12,28,8,12,1,13,2,1,1,1,-,1,-,-,-,-,-,-,17 基隆市,2 技職
1185,經國管理暨健康學院,N 修,B 四技,9,7,2,-,-,-,-,-,-,-,-,-,-,-,-,-,-,7,2,17 基隆市,2 技職
1185,經國管理暨健康學院,N 修,C 二技,869,158,711,-,-,-,-,89,408,57,290,-,-,-,-,-,-,12,13,17 基隆市,2 技職
1185,經國管理暨健康學院,N 修,2 二專,214,42,172,19,86,21,72,-,-,-,-,-,-,-,-,-,-,2,14,17 基隆市,2 技職
1188,大同技術學院,D 日,B 四技,397,185,212,24,32,31,26,28,44,85,100,-,-,-,-,-,-,17,10,20 嘉義市,2 技職
1188,大同技術學院,D 日,5 五專,80,44,36,3,5,12,7,8,6,3,9,9,8,-,-,-,-,9,1,20 嘉義市,2 技職
1188,大同技術學院,N 修,B 四技,190,63,127,16,51,14,23,14,24,18,26,-,-,-,-,-,-,1,3,20 嘉義市,2 技職
1188,大同技術學院,N 修,C 二技,230,48,182,-,-,-,-,23,115,25,65,-,-,-,-,-,-,-,2,20 嘉義市,2 技職
1188,大同技術學院,N 修,2 二專,45,22,23,17,12,4,11,-,-,-,-,-,-,-,-,-,-,1,-,20 嘉義市,2 技職
1195,馬偕醫學院,D 日,D 博士,8,8,-,3,-,3,-,2,-,-,-,-,-,-,-,-,-,-,-,01 新北市,1 一般
1195,馬偕醫學院,D 日,M 碩士,60,18,42,5,6,8,28,2,5,3,3,-,-,-,-,-,-,-,-,01 新北市,1 一般
1195,馬偕醫學院,D 日,B 學士,727,254,473,53,111,60,98,42,112,44,112,26,20,24,17,-,-,5,3,01 新北市,1 一般
1195,馬偕醫學院,N 職,M 碩士,28,6,22,2,13,4,9,-,-,-,-,-,-,-,-,-,-,-,-,01 新北市,1 一般
1195,馬偕醫學院,N 修,C 二技,78,2,76,-,-,-,-,-,39,2,37,-,-,-,-,-,-,-,-,01 新北市,2 技職
1196,法鼓文理學院,D 日,D 博士,18,8,10,1,1,3,1,1,1,3,1,-,1,-,1,-,4,-,-,01 新北市,1 一般
1196,法鼓文理學院,D 日,M 碩士,259,70,189,13,58,17,42,21,46,19,43,-,-,-,-,-,-,-,-,01 新北市,1 一般
1196,法鼓文理學院,D 日,B 學士,52,22,30,6,6,7,2,4,12,5,9,-,-,-,-,-,-,-,1,01 新北市,1 一般
1282,馬偕醫護管理專科學校,D 日,2 二專,1,-,1,-,-,-,-,-,-,-,-,-,-,-,-,-,-,-,1,30 臺北市,2 技職
1282,馬偕醫護管理專科學校,D 日,5 五專,"3,852",504,"3,348",135,733,106,676,87,634,67,620,88,615,-,-,-,-,21,70,30 臺北市,2 技職
1282,馬偕醫護管理專科學校,N 修,2 二專,144,72,72,41,37,29,33,-,-,-,-,-,-,-,-,-,-,2,2,30 臺北市,2 技職
1283,仁德醫護管理專科學校,D 日,5 五專,"5,970","1,333","4,637",253,881,311,945,254,888,222,858,195,826,-,-,-,-,98,239,05 苗栗縣,2 技職
1283,仁德醫護管理專科學校,N 修,2 二專,416,212,204,134,121,70,82,-,-,-,-,-,-,-,-,-,-,8,1,05 苗栗縣,2 技職
1284,樹人醫護管理專科學校,D 日,5 五專,"6,743","1,472","5,271",344,"1,128",277,"1,148",285,"1,028",264,960,235,851,-,-,-,-,67,156,12 高雄市,2 技職
1284,樹人醫護管理專科學校,N 修,2 二專,562,301,261,117,112,123,94,32,39,21,13,-,-,-,-,-,-,8,3,12 高雄市,2 技職
1285,慈惠醫護管理專科學校,D 日,2 二專,89,19,70,8,38,8,23,-,-,-,-,-,-,-,-,-,-,3,9,13 屏東縣,2 技職
1285,慈惠醫護管理專科學校,D 日,5 五專,"3,005",641,"2,364",101,335,104,410,125,468,145,498,112,474,-,-,-,-,54,179,13 屏東縣,2 技職
1285,慈惠醫護管理專科學校,N 修,2 二專,251,88,163,33,74,29,66,14,6,8,8,-,-,-,-,-,-,4,9,13 屏東縣,2 技職
1286,耕莘健康管理專科學校,D 日,5 五專,"4,272",422,"3,850",83,719,78,705,66,710,79,745,79,782,-,-,-,-,37,189,01 新北市,2 技職
1286,耕莘健康管理專科學校,N 修,2 二專,120,9,111,6,54,3,53,-,-,-,-,-,-,-,-,-,-,-,4,01 新北市,2 技職
1287,敏惠醫護管理專科學校,D 日,5 五專,"3,841",486,"3,355",104,664,113,678,100,650,84,645,66,622,-,-,-,-,19,96,11 臺南市,2 技職
1287,敏惠醫護管理專科學校,N 修,2 二專,64,19,45,14,21,5,24,-,-,-,-,-,-,-,-,-,-,-,-,11 臺南市,2 技職
1289,育英醫護管理專科學校,D 日,5 五專,"1,923",220,"1,703",38,336,42,348,50,312,37,320,43,338,-,-,-,-,10,49,50 高雄市,2 技職
1291,聖母醫護管理專科學校,D 日,2 二專,34,17,17,9,8,8,9,-,-,-,-,-,-,-,-,-,-,-,-,02 宜蘭縣,2 技職
1291,聖母醫護管理專科學校,D 日,5 五專,"1,787",292,"1,495",50,278,48,266,59,297,66,284,62,354,-,-,-,-,7,16,02 宜蘭縣,2 技職
1291,聖母醫護管理專科學校,N 修,2 二專,51,27,24,16,13,11,11,-,-,-,-,-,-,-,-,-,-,-,-,02 宜蘭縣,2 技職
1292,新生醫護管理專科學校,D 日,5 五專,"5,985",728,"5,257",140,"1,132",163,"1,074",137,"1,010",120,945,137,938,-,-,-,-,31,158,03 桃園市,2 技職
1292,新生醫護管理專科學校,N 修,2 二專,70,9,61,2,36,7,25,-,-,-,-,-,-,-,-,-,-,-,-,03 桃園市,2 技職
1293,崇仁醫護管理專科學校,D 日,5 五專,"3,209",445,"2,764",110,519,95,542,77,575,71,523,81,559,-,-,-,-,11,46,10 嘉義縣,2 技職
3002,臺北市立大學,D 日,D 博士,220,95,125,16,18,13,18,14,16,13,14,10,13,9,10,20,36,-,-,30 臺北市,1 一般
3002,臺北市立大學,D 日,M 碩士,"1,348",447,901,144,292,125,234,90,157,52,120,19,65,17,33,-,-,-,-,30 臺北市,1 一般
3002,臺北市立大學,D 日,B 學士,"5,345","2,363","2,982",575,727,552,701,538,732,510,711,-,-,-,-,-,-,188,111,30 臺北市,1 一般
3002,臺北市立大學,N 職,M 碩士,"1,201",316,885,105,280,96,257,46,159,28,85,19,54,22,50,-,-,-,-,30 臺北市,1 一般
